<?xml version="1.0" encoding="UTF-8" standalone="yes"?>
<idPkg:Spread xmlns:idPkg="http://ns.adobe.com/AdobeInDesign/idml/1.0/packaging" DOMVersion="16.1">
	<Spread Self="u27ec" PageTransitionType="None" PageTransitionDirection="NotApplicable" PageTransitionDuration="Medium" ShowMasterItems="true" PageCount="2" BindingLocation="0" AllowPageShuffle="true" ItemTransform="1 0 0 1 -5.684341886080802e-14 4443.3070866144335" FlattenerOverride="Default">
		<FlattenerPreference LineArtAndTextResolution="300" GradientAndMeshResolution="150" ClipComplexRegions="false" ConvertAllStrokesToOutlines="false" ConvertAllTextToOutlines="false">
			<Properties>
				<RasterVectorBalance type="double">50</RasterVectorBalance>
			</Properties>
		</FlattenerPreference>
		<Page Self="u27f3" TabOrder="" AppliedMaster="u1f44" OverrideList="" MasterPageTransform="0.9999999999999999 0 0 1 -246.6141732283 123.30708661415005" Name="9" AppliedTrapPreset="TrapPreset/$ID/kDefaultTrapStyleName" GeometricBounds="75.11811023620677 113.38582677167238 766.7716535432935 595.2755905511999" ItemTransform="1 0 0 1 -595.2755905511999 -420.94488188975015" AppliedAlternateLayout="uad" LayoutRule="Off" SnapshotBlendingMode="IgnoreLayoutSnapshots" OptionalPage="false" GridStartingPoint="TopOutside" UseMasterGrid="false">
			<Properties>
				<PageColor type="enumeration">UseMasterColor</PageColor>
				<Descriptor type="list">
					<ListItem type="string"></ListItem>
					<ListItem type="enumeration">Arabic</ListItem>
					<ListItem type="boolean">false</ListItem>
					<ListItem type="boolean">false</ListItem>
					<ListItem type="long">9</ListItem>
					<ListItem type="string"></ListItem>
				</Descriptor>
			</Properties>
			<MarginPreference ColumnCount="4" ColumnGutter="14.173228346456694" Top="42.5196850394" Bottom="42.5196850394" Left="42.5196850394" Right="42.5196850394" ColumnDirection="Horizontal" ColumnsPositions="0 88.58267716533939 102.75590551179607 191.3385826771355 205.5118110235922 294.09448818893156 308.2677165353883 396.85039370072764" />
			<GridDataInformation FontStyle="Regular" PointSize="12" CharacterAki="0" LineAki="9" HorizontalScale="100" VerticalScale="100" LineAlignment="LeftOrTopLineJustify" GridAlignment="AlignEmCenter" CharacterAlignment="AlignEmCenter">
				<Properties>
					<AppliedFont type="string">Minion Pro</AppliedFont>
				</Properties>
			</GridDataInformation>
		</Page>
		<Page Self="u27f4" TabOrder="" AppliedMaster="u1f44" OverrideList="" MasterPageTransform="0.9999999999999999 0 0 1 -1.6651102494577535e-14 123.30708661415005" Name="10" AppliedTrapPreset="TrapPreset/$ID/kDefaultTrapStyleName" GeometricBounds="75.11811023620677 7.655679307854455e-15 766.7716535432935 481.8897637795275" ItemTransform="1 0 0 1 0 -420.94488188975015" AppliedAlternateLayout="uad" LayoutRule="Off" SnapshotBlendingMode="IgnoreLayoutSnapshots" OptionalPage="false" GridStartingPoint="TopOutside" UseMasterGrid="false">
			<Properties>
				<PageColor type="enumeration">UseMasterColor</PageColor>
				<Descriptor type="list">
					<ListItem type="string"></ListItem>
					<ListItem type="enumeration">Arabic</ListItem>
					<ListItem type="boolean">false</ListItem>
					<ListItem type="boolean">false</ListItem>
					<ListItem type="long">10</ListItem>
					<ListItem type="string"></ListItem>
				</Descriptor>
			</Properties>
			<MarginPreference ColumnCount="4" ColumnGutter="14.173228346456694" Top="42.5196850394" Bottom="42.5196850394" Left="42.5196850394" Right="42.5196850394" ColumnDirection="Horizontal" ColumnsPositions="0 88.58267716533938 102.75590551179606 191.33858267713543 205.51181102359214 294.0944881889315 308.2677165353882 396.8503937007276" />
			<GridDataInformation FontStyle="Regular" PointSize="12" CharacterAki="0" LineAki="9" HorizontalScale="100" VerticalScale="100" LineAlignment="LeftOrTopLineJustify" GridAlignment="AlignEmCenter" CharacterAlignment="AlignEmCenter">
				<Properties>
					<AppliedFont type="string">Minion Pro</AppliedFont>
				</Properties>
			</GridDataInformation>
		</Page>
		<Rectangle Self="u27f5" ContentType="Unassigned" StoryTitle="$ID/" OverriddenPageItemProps="" Visible="true" Name="$ID/" TopLeftCornerOption="RoundedCorner" TopRightCornerOption="RoundedCorner" BottomLeftCornerOption="RoundedCorner" BottomRightCornerOption="RoundedCorner" TopLeftCornerRadius="5.669291338582678" TopRightCornerRadius="5.669291338582678" BottomLeftCornerRadius="5.669291338582678" BottomRightCornerRadius="5.669291338582678" HorizontalLayoutConstraints="FlexibleDimension FixedDimension FlexibleDimension" VerticalLayoutConstraints="FlexibleDimension FixedDimension FlexibleDimension" FillColor="Color/LIBER CMYK Dark Blue" FillTint="10" CornerRadius="5.669291338582678" StrokeWeight="0" StrokeColor="Swatch/None" GradientFillStart="0 0" GradientFillLength="0" GradientFillAngle="0" GradientStrokeStart="0 0" GradientStrokeLength="0" GradientStrokeAngle="0" ItemLayer="ub3" Locked="false" LocalDisplaySetting="Default" GradientFillHiliteLength="0" GradientFillHiliteAngle="0" GradientStrokeHiliteLength="0" GradientStrokeHiliteAngle="0" AppliedObjectStyle="ObjectStyle/$ID/[Normal Graphics Frame]" CornerOption="RoundedCorner" ItemTransform="1 0 0 1 378.54575215103637 -225.998603523744" ParentInterfaceChangeCount="" TargetInterfaceChangeCount="" LastUpdatedInterfaceChangeCount="">
			<Properties>
				<PathGeometry>
					<GeometryPathType PathOpen="false">
						<PathPointArray>
							<PathPointType Anchor="-130.51425608804425 -39.82816812979854" LeftDirection="-130.51425608804425 -39.82816812979854" RightDirection="-130.51425608804425 -39.82816812979854" />
							<PathPointType Anchor="-130.51425608804425 521.1718318702015" LeftDirection="-130.51425608804425 521.1718318702015" RightDirection="-130.51425608804425 521.1718318702015" />
							<PathPointType Anchor="60.82432658909117 521.1718318702015" LeftDirection="60.82432658909117 521.1718318702015" RightDirection="60.82432658909117 521.1718318702015" />
							<PathPointType Anchor="60.82432658909117 -39.82816812979854" LeftDirection="60.82432658909117 -39.82816812979854" RightDirection="60.82432658909117 -39.82816812979854" />
						</PathPointArray>
					</GeometryPathType>
				</PathGeometry>
			</Properties>
			<FrameFittingOption AutoFit="false" LeftCrop="0" TopCrop="0" RightCrop="0" BottomCrop="0" FittingOnEmptyFrame="None" FittingAlignment="CenterAnchor" />
			<ObjectExportOption AltTextSourceType="SourceXMLStructure" ActualTextSourceType="SourceXMLStructure" CustomAltText="$ID/" CustomActualText="$ID/" ApplyTagType="TagFromStructure" ImageConversionType="JPEG" ImageExportResolution="Ppi300" GIFOptionsPalette="AdaptivePalette" GIFOptionsInterlaced="true" JPEGOptionsQuality="High" JPEGOptionsFormat="BaselineEncoding" ImageAlignment="AlignLeft" ImageSpaceBefore="0" ImageSpaceAfter="0" UseImagePageBreak="false" ImagePageBreak="PageBreakBefore" CustomImageAlignment="false" SpaceUnit="CssPixel" CustomLayout="false" CustomLayoutType="AlignmentAndSpacing" EpubType="$ID/" SizeType="DefaultSize" CustomSize="$ID/" PreserveAppearanceFromLayout="PreserveAppearanceDefault">
				<Properties>
					<AltMetadataProperty NamespacePrefix="$ID/" PropertyPath="$ID/" />
					<ActualMetadataProperty NamespacePrefix="$ID/" PropertyPath="$ID/" />
				</Properties>
			</ObjectExportOption>
			<TextWrapPreference Inverse="false" ApplyToMasterPageOnly="false" TextWrapSide="BothSides" TextWrapMode="None">
				<Properties>
					<TextWrapOffset Top="0" Left="0" Bottom="0" Right="0" />
				</Properties>
			</TextWrapPreference>
			<InCopyExportOption IncludeGraphicProxies="true" IncludeAllResources="false" />
		</Rectangle>
		<TextFrame Self="u3652" ParentStory="u3640" PreviousTextFrame="n" NextTextFrame="n" ContentType="TextType" OverriddenPageItemProps="" Visible="true" Name="$ID/" HorizontalLayoutConstraints="FlexibleDimension FixedDimension FlexibleDimension" VerticalLayoutConstraints="FlexibleDimension FixedDimension FlexibleDimension" GradientFillStart="0 0" GradientFillLength="0" GradientFillAngle="0" GradientStrokeStart="0 0" GradientStrokeLength="0" GradientStrokeAngle="0" ItemLayer="ub3" Locked="false" LocalDisplaySetting="Default" GradientFillHiliteLength="0" GradientFillHiliteAngle="0" GradientStrokeHiliteLength="0" GradientStrokeHiliteAngle="0" AppliedObjectStyle="ObjectStyle/$ID/[Normal Text Frame]" ItemTransform="1 0 0 1 -113.06620378949981 -384.57480314986697" ParentInterfaceChangeCount="" TargetInterfaceChangeCount="" LastUpdatedInterfaceChangeCount="">
			<Properties>
				<PathGeometry>
					<GeometryPathType PathOpen="false">
						<PathPointArray>
							<PathPointType Anchor="-13.853605364302808 -25.03149606299212" LeftDirection="-13.853605364302808 -25.03149606299212" RightDirection="-13.853605364302808 -25.03149606299212" />
							<PathPointType Anchor="-13.853605364302808 25.03149606299212" LeftDirection="-13.853605364302808 25.03149606299212" RightDirection="-13.853605364302808 25.03149606299212" />
							<PathPointType Anchor="13.853605364302808 25.03149606299212" LeftDirection="13.853605364302808 25.03149606299212" RightDirection="13.853605364302808 25.03149606299212" />
							<PathPointType Anchor="13.853605364302808 -25.03149606299212" LeftDirection="13.853605364302808 -25.03149606299212" RightDirection="13.853605364302808 -25.03149606299212" />
						</PathPointArray>
					</GeometryPathType>
				</PathGeometry>
			</Properties>
			<ObjectExportOption AltTextSourceType="SourceXMLStructure" ActualTextSourceType="SourceXMLStructure" CustomAltText="$ID/" CustomActualText="$ID/" ApplyTagType="TagFromStructure" ImageConversionType="JPEG" ImageExportResolution="Ppi300" GIFOptionsPalette="AdaptivePalette" GIFOptionsInterlaced="true" JPEGOptionsQuality="High" JPEGOptionsFormat="BaselineEncoding" ImageAlignment="AlignLeft" ImageSpaceBefore="0" ImageSpaceAfter="0" UseImagePageBreak="false" ImagePageBreak="PageBreakBefore" CustomImageAlignment="false" SpaceUnit="CssPixel" CustomLayout="false" CustomLayoutType="AlignmentAndSpacing" EpubType="$ID/" SizeType="DefaultSize" CustomSize="$ID/" PreserveAppearanceFromLayout="PreserveAppearanceDefault">
				<Properties>
					<AltMetadataProperty NamespacePrefix="$ID/" PropertyPath="$ID/" />
					<ActualMetadataProperty NamespacePrefix="$ID/" PropertyPath="$ID/" />
				</Properties>
			</ObjectExportOption>
			<TextFramePreference TextColumnCount="1" TextColumnFixedWidth="27.707210728605617" TextColumnMaxWidth="0" ColumnRuleOverride="false" ColumnRuleOffset="0" ColumnRuleTopInset="0" ColumnRuleInsetChainOverride="true" ColumnRuleBottomInset="0" ColumnRuleStrokeWidth="1" ColumnRuleStrokeColor="Color/LIBER CMYK Yellow" ColumnRuleStrokeType="StrokeStyle/$ID/Solid" ColumnRuleStrokeTint="100" ColumnRuleOverprintOverride="false">
				<Properties>
					<InsetSpacing type="list">
						<ListItem type="unit">0</ListItem>
						<ListItem type="unit">0</ListItem>
						<ListItem type="unit">0</ListItem>
						<ListItem type="unit">0</ListItem>
					</InsetSpacing>
				</Properties>
			</TextFramePreference>
			<TextWrapPreference Inverse="false" ApplyToMasterPageOnly="false" TextWrapSide="BothSides" TextWrapMode="None">
				<Properties>
					<TextWrapOffset Top="0" Left="0" Bottom="0" Right="0" />
				</Properties>
			</TextWrapPreference>
		</TextFrame>
		<Rectangle Self="u3d23" ContentType="GraphicType" StoryTitle="$ID/" OverriddenPageItemProps="" Visible="true" Name="$ID/" BottomLeftCornerOption="RoundedCorner" BottomRightCornerOption="RoundedCorner" TopLeftCornerRadius="5.669291338582678" TopRightCornerRadius="5.669291338582678" BottomLeftCornerRadius="5.669291338582678" BottomRightCornerRadius="5.669291338582678" HorizontalLayoutConstraints="FlexibleDimension FixedDimension FlexibleDimension" VerticalLayoutConstraints="FlexibleDimension FixedDimension FlexibleDimension" CornerRadius="5.669291338582678" StrokeWeight="0" StrokeColor="Swatch/None" GradientFillStart="0 0" GradientFillLength="0" GradientFillAngle="0" GradientStrokeStart="0 0" GradientStrokeLength="0" GradientStrokeAngle="0" ItemLayer="u3090" Locked="false" LocalDisplaySetting="Default" GradientFillHiliteLength="0" GradientFillHiliteAngle="0" GradientStrokeHiliteLength="0" GradientStrokeHiliteAngle="0" AppliedObjectStyle="ObjectStyle/$ID/[Normal Graphics Frame]" ItemTransform="1 0 0 1 -107.2445760852732 -910.073522293502" ParentInterfaceChangeCount="" TargetInterfaceChangeCount="" LastUpdatedInterfaceChangeCount="">
			<Properties>
				<PathGeometry>
					<GeometryPathType PathOpen="false">
						<PathPointArray>
							<PathPointType Anchor="149.76426112467323 555.7428136320588" LeftDirection="149.76426112467323 555.7428136320588" RightDirection="149.76426112467323 555.7428136320588" />
							<PathPointType Anchor="149.76426112467323 809.2467506399589" LeftDirection="149.76426112467323 809.2467506399589" RightDirection="149.76426112467323 809.2467506399589" />
							<PathPointType Anchor="341.1028438018086 809.2467506399589" LeftDirection="341.1028438018086 809.2467506399589" RightDirection="341.1028438018086 809.2467506399589" />
							<PathPointType Anchor="341.1028438018086 555.7428136320588" LeftDirection="341.1028438018086 555.7428136320588" RightDirection="341.1028438018086 555.7428136320588" />
						</PathPointArray>
					</GeometryPathType>
				</PathGeometry>
			</Properties>
			<FrameFittingOption AutoFit="false" LeftCrop="770.6035978929951" TopCrop="1.8189894035458565e-12" RightCrop="2214.2176476428176" BottomCrop="3.637978807091713e-12" FittingOnEmptyFrame="None" FittingAlignment="CenterAnchor" />
			<ObjectExportOption AltTextSourceType="SourceXMLStructure" ActualTextSourceType="SourceXMLStructure" CustomAltText="$ID/" CustomActualText="$ID/" ApplyTagType="TagFromStructure" ImageConversionType="JPEG" ImageExportResolution="Ppi300" GIFOptionsPalette="AdaptivePalette" GIFOptionsInterlaced="true" JPEGOptionsQuality="High" JPEGOptionsFormat="BaselineEncoding" ImageAlignment="AlignLeft" ImageSpaceBefore="0" ImageSpaceAfter="0" UseImagePageBreak="false" ImagePageBreak="PageBreakBefore" CustomImageAlignment="false" SpaceUnit="CssPixel" CustomLayout="false" CustomLayoutType="AlignmentAndSpacing" EpubType="$ID/" SizeType="DefaultSize" CustomSize="$ID/" PreserveAppearanceFromLayout="PreserveAppearanceDefault">
				<Properties>
					<AltMetadataProperty NamespacePrefix="$ID/" PropertyPath="$ID/" />
					<ActualMetadataProperty NamespacePrefix="$ID/" PropertyPath="$ID/" />
				</Properties>
			</ObjectExportOption>
			<TextWrapPreference Inverse="false" ApplyToMasterPageOnly="false" TextWrapSide="BothSides" TextWrapMode="None">
				<Properties>
					<TextWrapOffset Top="0" Left="0" Bottom="0" Right="0" />
				</Properties>
				<ContourOption ContourType="SameAsClipping" IncludeInsideEdges="false" ContourPathName="$ID/" />
			</TextWrapPreference>
			<InCopyExportOption IncludeGraphicProxies="true" IncludeAllResources="false" />
			<Image Self="u3d24" Space="$ID/#Links_RGB" ActualPpi="72 72" EffectivePpi="1141 1141" ImageRenderingIntent="UseColorSettings" OverriddenPageItemProps="" LocalDisplaySetting="Default" ImageTypeName="$ID/JPEG" AppliedObjectStyle="ObjectStyle/$ID/[None]" ItemTransform="0.06312349029081188 0 0 0.06312349029081189 101.12107239501005 555.7428136320586" Visible="true" Name="$ID/" HorizontalLayoutConstraints="FlexibleDimension FixedDimension FlexibleDimension" VerticalLayoutConstraints="FlexibleDimension FixedDimension FlexibleDimension" GradientFillStart="0 0" GradientFillLength="0" GradientFillAngle="0" GradientFillHiliteLength="0" GradientFillHiliteAngle="0" ParentInterfaceChangeCount="" TargetInterfaceChangeCount="" LastUpdatedInterfaceChangeCount="">
				<Properties>
					<Profile type="string">$ID/Embedded</Profile>
					<GraphicBounds Left="0" Top="0" Right="6016" Bottom="4016" />
				</Properties>
				<ClippingPathSettings ClippingType="None" InvertPath="false" IncludeInsideEdges="false" RestrictToFrame="false" UseHighResolutionImage="true" Threshold="25" Tolerance="2" InsetFrame="0" AppliedPathName="$ID/" Index="-1" />
				<ImageIOPreference ApplyPhotoshopClippingPath="true" AllowAutoEmbedding="true" AlphaChannelName="$ID/kNoneName" />
				<TextWrapPreference Inverse="false" ApplyToMasterPageOnly="false" TextWrapSide="BothSides" TextWrapMode="None">
					<Properties>
						<TextWrapOffset Top="0" Left="0" Bottom="0" Right="0" />
					</Properties>
					<ContourOption ContourType="SameAsClipping" IncludeInsideEdges="false" ContourPathName="$ID/" />
				</TextWrapPreference>
				<Link Self="u3d25" AssetURL="$ID/" AssetID="$ID/" LinkResourceURI="file:/Users/gigi/Dropbox/01%20ongoing%20projects/Liber/Citizen%20Science/Citizen_Science_Guide2021_244X170MM%20Folder/Links/ian-schneider-TamMbr4okv4-unsplash.jpg" LinkResourceFormat="$ID/JPEG" StoredState="Normal" LinkClassID="35906" LinkClientID="257" LinkResourceModified="false" LinkObjectModified="false" ShowInUI="true" CanEmbed="true" CanUnembed="true" CanPackage="true" ImportPolicy="NoAutoImport" ExportPolicy="NoAutoExport" LinkImportStamp="file 132659986598753568 6073851" LinkImportModificationTime="2021-05-20T17:37:39" LinkImportTime="2021-05-20T17:38:28" LinkResourceSize="0~5cadfb" RenditionData="Actual" />
			</Image>
		</Rectangle>
		<Rectangle Self="u3d36" ContentType="GraphicType" StoryTitle="$ID/" OverriddenPageItemProps="" Visible="true" Name="$ID/" TopLeftCornerOption="RoundedCorner" TopRightCornerOption="RoundedCorner" BottomLeftCornerOption="RoundedCorner" BottomRightCornerOption="RoundedCorner" TopLeftCornerRadius="5.669291338582678" TopRightCornerRadius="5.669291338582678" BottomLeftCornerRadius="5.669291338582678" BottomRightCornerRadius="5.669291338582678" HorizontalLayoutConstraints="FlexibleDimension FixedDimension FlexibleDimension" VerticalLayoutConstraints="FlexibleDimension FixedDimension FlexibleDimension" CornerRadius="5.669291338582678" StrokeWeight="0" StrokeColor="Swatch/None" GradientFillStart="0 0" GradientFillLength="0" GradientFillAngle="0" GradientStrokeStart="0 0" GradientStrokeLength="0" GradientStrokeAngle="0" ItemLayer="u3090" Locked="false" LocalDisplaySetting="Default" GradientFillHiliteLength="0" GradientFillHiliteAngle="0" GradientStrokeHiliteLength="0" GradientStrokeHiliteAngle="0" AppliedObjectStyle="ObjectStyle/$ID/[Normal Graphics Frame]" CornerOption="RoundedCorner" ItemTransform="1 0 0 1 -136.1324184542831 -529.1233326787935" ParentInterfaceChangeCount="" TargetInterfaceChangeCount="" LastUpdatedInterfaceChangeCount="">
			<Properties>
				<PathGeometry>
					<GeometryPathType PathOpen="false">
						<PathPointArray>
							<PathPointType Anchor="-97.72584926225227 670.2965610252504" LeftDirection="-97.72584926225227 670.2965610252504" RightDirection="-97.72584926225227 670.2965610252504" />
							<PathPointType Anchor="-97.72584926225227 824.2965610252504" LeftDirection="-97.72584926225227 824.2965610252504" RightDirection="-97.72584926225227 824.2965610252504" />
							<PathPointType Anchor="93.61273341488325 824.2965610252504" LeftDirection="93.61273341488325 824.2965610252504" RightDirection="93.61273341488325 824.2965610252504" />
							<PathPointType Anchor="93.61273341488325 670.2965610252504" LeftDirection="93.61273341488325 670.2965610252504" RightDirection="93.61273341488325 670.2965610252504" />
						</PathPointArray>
					</GeometryPathType>
				</PathGeometry>
			</Properties>
			<FrameFittingOption AutoFit="false" LeftCrop="660.9570988188102" TopCrop="115.82046935517246" RightCrop="1002.4675464991851" BottomCrop="393.86097974425684" FittingOnEmptyFrame="None" FittingAlignment="CenterAnchor" />
			<ObjectExportOption AltTextSourceType="SourceXMLStructure" ActualTextSourceType="SourceXMLStructure" CustomAltText="$ID/" CustomActualText="$ID/" ApplyTagType="TagFromStructure" ImageConversionType="JPEG" ImageExportResolution="Ppi300" GIFOptionsPalette="AdaptivePalette" GIFOptionsInterlaced="true" JPEGOptionsQuality="High" JPEGOptionsFormat="BaselineEncoding" ImageAlignment="AlignLeft" ImageSpaceBefore="0" ImageSpaceAfter="0" UseImagePageBreak="false" ImagePageBreak="PageBreakBefore" CustomImageAlignment="false" SpaceUnit="CssPixel" CustomLayout="false" CustomLayoutType="AlignmentAndSpacing" EpubType="$ID/" SizeType="DefaultSize" CustomSize="$ID/" PreserveAppearanceFromLayout="PreserveAppearanceDefault">
				<Properties>
					<AltMetadataProperty NamespacePrefix="$ID/" PropertyPath="$ID/" />
					<ActualMetadataProperty NamespacePrefix="$ID/" PropertyPath="$ID/" />
				</Properties>
			</ObjectExportOption>
			<TextWrapPreference Inverse="false" ApplyToMasterPageOnly="false" TextWrapSide="BothSides" TextWrapMode="None">
				<Properties>
					<TextWrapOffset Top="0" Left="0" Bottom="0" Right="0" />
				</Properties>
				<ContourOption ContourType="SameAsClipping" IncludeInsideEdges="false" ContourPathName="$ID/" />
			</TextWrapPreference>
			<InCopyExportOption IncludeGraphicProxies="true" IncludeAllResources="false" />
			<Image Self="u3d37" Space="$ID/#Links_RGB" ActualPpi="72 72" EffectivePpi="1632 1632" ImageRenderingIntent="UseColorSettings" OverriddenPageItemProps="" LocalDisplaySetting="Default" ImageTypeName="$ID/JPEG" AppliedObjectStyle="ObjectStyle/$ID/[None]" ItemTransform="0.04412204724415912 0 0 0.04412204724415912 -126.88862960269816 665.1863248045208" Visible="true" Name="$ID/" HorizontalLayoutConstraints="FlexibleDimension FixedDimension FlexibleDimension" VerticalLayoutConstraints="FlexibleDimension FixedDimension FlexibleDimension" GradientFillStart="0 0" GradientFillLength="0" GradientFillAngle="0" GradientFillHiliteLength="0" GradientFillHiliteAngle="0" ParentInterfaceChangeCount="" TargetInterfaceChangeCount="" LastUpdatedInterfaceChangeCount="">
				<Properties>
					<Profile type="string">$ID/Embedded</Profile>
					<GraphicBounds Left="0" Top="0" Right="6000" Bottom="4000" />
				</Properties>
				<ClippingPathSettings ClippingType="None" InvertPath="false" IncludeInsideEdges="false" RestrictToFrame="false" UseHighResolutionImage="true" Threshold="25" Tolerance="2" InsetFrame="0" AppliedPathName="$ID/" Index="-1" />
				<ImageIOPreference ApplyPhotoshopClippingPath="true" AllowAutoEmbedding="true" AlphaChannelName="$ID/kNoneName" />
				<TextWrapPreference Inverse="false" ApplyToMasterPageOnly="false" TextWrapSide="BothSides" TextWrapMode="None">
					<Properties>
						<TextWrapOffset Top="0" Left="0" Bottom="0" Right="0" />
					</Properties>
					<ContourOption ContourType="SameAsClipping" IncludeInsideEdges="false" ContourPathName="$ID/" />
				</TextWrapPreference>
				<Link Self="u3d38" AssetURL="$ID/" AssetID="$ID/" LinkResourceURI="file:/Users/gigi/Dropbox/01%20ongoing%20projects/Liber/Citizen%20Science/Citizen_Science_Guide2021_244X170MM%20Folder/Links/rodion-kutsaev-0VGG7cqTwCo-unsplash.jpg" LinkResourceFormat="$ID/JPEG" StoredState="Normal" LinkClassID="35906" LinkClientID="257" LinkResourceModified="false" LinkObjectModified="false" ShowInUI="true" CanEmbed="true" CanUnembed="true" CanPackage="true" ImportPolicy="NoAutoImport" ExportPolicy="NoAutoExport" LinkImportStamp="file 132665946216478800 4898735" LinkImportModificationTime="2021-05-27T15:10:21" LinkImportTime="2021-05-31T14:18:12" LinkResourceSize="0~4abfaf" RenditionData="Actual" />
			</Image>
		</Rectangle>
		<TextFrame Self="u2864" ParentStory="u2867" PreviousTextFrame="n" NextTextFrame="n" ContentType="TextType" OverriddenPageItemProps="" Visible="true" Name="$ID/" HorizontalLayoutConstraints="FlexibleDimension FixedDimension FlexibleDimension" VerticalLayoutConstraints="FlexibleDimension FixedDimension FlexibleDimension" GradientFillStart="0 0" GradientFillLength="0" GradientFillAngle="0" GradientStrokeStart="0 0" GradientStrokeLength="0" GradientStrokeAngle="0" ItemLayer="ufd" Locked="false" LocalDisplaySetting="Default" GradientFillHiliteLength="0" GradientFillHiliteAngle="0" GradientStrokeHiliteLength="0" GradientStrokeHiliteAngle="0" AppliedObjectStyle="ObjectStyle/$ID/[Normal Text Frame]" ItemTransform="1 0 0 1 -470.86376121591366 -150.95493112955322" ParentInterfaceChangeCount="" TargetInterfaceChangeCount="" LastUpdatedInterfaceChangeCount="">
			<Properties>
				<PathGeometry>
					<GeometryPathType PathOpen="false">
						<PathPointArray>
							<PathPointType Anchor="31.493682475785842 -154.08050194131314" LeftDirection="31.493682475785842 -154.08050194131314" RightDirection="31.493682475785842 -154.08050194131314" />
							<PathPointType Anchor="31.493682475785842 -46.681758244951" LeftDirection="31.493682475785842 -46.681758244951" RightDirection="31.493682475785842 -46.681758244951" />
							<PathPointType Anchor="428.34407617651345 -46.681758244951" LeftDirection="428.34407617651345 -46.681758244951" RightDirection="428.34407617651345 -46.681758244951" />
							<PathPointType Anchor="428.34407617651345 -154.08050194131314" LeftDirection="428.34407617651345 -154.08050194131314" RightDirection="428.34407617651345 -154.08050194131314" />
						</PathPointArray>
					</GeometryPathType>
				</PathGeometry>
			</Properties>
			<ObjectExportOption AltTextSourceType="SourceXMLStructure" ActualTextSourceType="SourceXMLStructure" CustomAltText="$ID/" CustomActualText="$ID/" ApplyTagType="TagFromStructure" ImageConversionType="JPEG" ImageExportResolution="Ppi300" GIFOptionsPalette="AdaptivePalette" GIFOptionsInterlaced="true" JPEGOptionsQuality="High" JPEGOptionsFormat="BaselineEncoding" ImageAlignment="AlignLeft" ImageSpaceBefore="0" ImageSpaceAfter="0" UseImagePageBreak="false" ImagePageBreak="PageBreakBefore" CustomImageAlignment="false" SpaceUnit="CssPixel" CustomLayout="false" CustomLayoutType="AlignmentAndSpacing" EpubType="$ID/" SizeType="DefaultSize" CustomSize="$ID/" PreserveAppearanceFromLayout="PreserveAppearanceDefault">
				<Properties>
					<AltMetadataProperty NamespacePrefix="$ID/" PropertyPath="$ID/" />
					<ActualMetadataProperty NamespacePrefix="$ID/" PropertyPath="$ID/" />
				</Properties>
			</ObjectExportOption>
			<TextFramePreference TextColumnCount="1" TextColumnFixedWidth="396.85039370072764" TextColumnMaxWidth="0" ColumnRuleOverride="false" ColumnRuleOffset="0" ColumnRuleTopInset="0" ColumnRuleInsetChainOverride="true" ColumnRuleBottomInset="0" ColumnRuleStrokeWidth="1" ColumnRuleStrokeColor="Color/Black" ColumnRuleStrokeType="StrokeStyle/$ID/Solid" ColumnRuleStrokeTint="100" ColumnRuleOverprintOverride="false">
				<Properties>
					<InsetSpacing type="list">
						<ListItem type="unit">0</ListItem>
						<ListItem type="unit">0</ListItem>
						<ListItem type="unit">0</ListItem>
						<ListItem type="unit">0</ListItem>
					</InsetSpacing>
				</Properties>
			</TextFramePreference>
			<TextWrapPreference Inverse="false" ApplyToMasterPageOnly="false" TextWrapSide="BothSides" TextWrapMode="None">
				<Properties>
					<TextWrapOffset Top="0" Left="0" Bottom="0" Right="0" />
				</Properties>
			</TextWrapPreference>
		</TextFrame>
		<TextFrame Self="u287b" ParentStory="u287e" PreviousTextFrame="n" NextTextFrame="u366e" ContentType="TextType" OverriddenPageItemProps="" Visible="true" Name="$ID/" HorizontalLayoutConstraints="FlexibleDimension FixedDimension FlexibleDimension" VerticalLayoutConstraints="FlexibleDimension FixedDimension FlexibleDimension" GradientFillStart="0 0" GradientFillLength="0" GradientFillAngle="0" GradientStrokeStart="0 0" GradientStrokeLength="0" GradientStrokeAngle="0" ItemLayer="ufd" Locked="false" LocalDisplaySetting="Default" GradientFillHiliteLength="0" GradientFillHiliteAngle="0" GradientStrokeHiliteLength="0" GradientStrokeHiliteAngle="0" AppliedObjectStyle="ObjectStyle/$ID/[Normal Text Frame]" ItemTransform="1 0 0 1 -521.0967109967082 85.50188740452413" ParentInterfaceChangeCount="" TargetInterfaceChangeCount="" LastUpdatedInterfaceChangeCount="">
			<Properties>
				<PathGeometry>
					<GeometryPathType PathOpen="false">
						<PathPointArray>
							<PathPointType Anchor="81.72663225711989 -275.0373204753905" LeftDirection="81.72663225711989 -275.0373204753905" RightDirection="81.72663225711989 -275.0373204753905" />
							<PathPointType Anchor="81.72663225711989 -164.3286590580674" LeftDirection="81.72663225711989 -164.3286590580674" RightDirection="81.72663225711989 -164.3286590580674" />
							<PathPointType Anchor="478.5770259578475 -164.3286590580674" LeftDirection="478.5770259578475 -164.3286590580674" RightDirection="478.5770259578475 -164.3286590580674" />
							<PathPointType Anchor="478.5770259578475 -275.0373204753905" LeftDirection="478.5770259578475 -275.0373204753905" RightDirection="478.5770259578475 -275.0373204753905" />
						</PathPointArray>
					</GeometryPathType>
				</PathGeometry>
			</Properties>
			<ObjectExportOption AltTextSourceType="SourceXMLStructure" ActualTextSourceType="SourceXMLStructure" CustomAltText="$ID/" CustomActualText="$ID/" ApplyTagType="TagFromStructure" ImageConversionType="JPEG" ImageExportResolution="Ppi300" GIFOptionsPalette="AdaptivePalette" GIFOptionsInterlaced="true" JPEGOptionsQuality="High" JPEGOptionsFormat="BaselineEncoding" ImageAlignment="AlignLeft" ImageSpaceBefore="0" ImageSpaceAfter="0" UseImagePageBreak="false" ImagePageBreak="PageBreakBefore" CustomImageAlignment="false" SpaceUnit="CssPixel" CustomLayout="false" CustomLayoutType="AlignmentAndSpacing" EpubType="$ID/" SizeType="DefaultSize" CustomSize="$ID/" PreserveAppearanceFromLayout="PreserveAppearanceDefault">
				<Properties>
					<AltMetadataProperty NamespacePrefix="$ID/" PropertyPath="$ID/" />
					<ActualMetadataProperty NamespacePrefix="$ID/" PropertyPath="$ID/" />
				</Properties>
			</ObjectExportOption>
			<TextFramePreference TextColumnCount="1" TextColumnFixedWidth="396.85039370072764" TextColumnMaxWidth="0" ColumnRuleOverride="false" ColumnRuleOffset="0" ColumnRuleTopInset="0" ColumnRuleInsetChainOverride="true" ColumnRuleBottomInset="0" ColumnRuleStrokeWidth="1" ColumnRuleStrokeColor="Color/Black" ColumnRuleStrokeType="StrokeStyle/$ID/Solid" ColumnRuleStrokeTint="100" ColumnRuleOverprintOverride="false">
				<Properties>
					<InsetSpacing type="list">
						<ListItem type="unit">0</ListItem>
						<ListItem type="unit">0</ListItem>
						<ListItem type="unit">0</ListItem>
						<ListItem type="unit">0</ListItem>
					</InsetSpacing>
				</Properties>
			</TextFramePreference>
			<TextWrapPreference Inverse="false" ApplyToMasterPageOnly="false" TextWrapSide="BothSides" TextWrapMode="None">
				<Properties>
					<TextWrapOffset Top="0" Left="0" Bottom="0" Right="0" />
				</Properties>
			</TextWrapPreference>
		</TextFrame>
		<TextFrame Self="u366e" ParentStory="u287e" PreviousTextFrame="u287b" NextTextFrame="u3d27" ContentType="TextType" OverriddenPageItemProps="" Visible="true" Name="$ID/" HorizontalLayoutConstraints="FlexibleDimension FixedDimension FlexibleDimension" VerticalLayoutConstraints="FlexibleDimension FixedDimension FlexibleDimension" GradientFillStart="0 0" GradientFillLength="0" GradientFillAngle="0" GradientStrokeStart="0 0" GradientStrokeLength="0" GradientStrokeAngle="0" ItemLayer="ufd" Locked="false" LocalDisplaySetting="Default" GradientFillHiliteLength="0" GradientFillHiliteAngle="0" GradientStrokeHiliteLength="0" GradientStrokeHiliteAngle="0" AppliedObjectStyle="ObjectStyle/$ID/[Normal Text Frame]" ItemTransform="1 0 0 1 -439.81496062992113 -78.24673390546832" ParentInterfaceChangeCount="" TargetInterfaceChangeCount="" LastUpdatedInterfaceChangeCount="">
			<Properties>
				<PathGeometry>
					<GeometryPathType PathOpen="false">
						<PathPointArray>
							<PathPointType Anchor="-0.5 10.41996225192543" LeftDirection="-0.5 10.41996225192543" RightDirection="-0.5 10.41996225192543" />
							<PathPointType Anchor="-0.5 367.85303311780626" LeftDirection="-0.5 367.85303311780626" RightDirection="-0.5 367.85303311780626" />
							<PathPointType Anchor="191.67576552943413 367.85303311780626" LeftDirection="191.67576552943413 367.85303311780626" RightDirection="191.67576552943413 367.85303311780626" />
							<PathPointType Anchor="191.67576552943413 10.41996225192543" LeftDirection="191.67576552943413 10.41996225192543" RightDirection="191.67576552943413 10.41996225192543" />
						</PathPointArray>
					</GeometryPathType>
				</PathGeometry>
			</Properties>
			<ObjectExportOption AltTextSourceType="SourceXMLStructure" ActualTextSourceType="SourceXMLStructure" CustomAltText="$ID/" CustomActualText="$ID/" ApplyTagType="TagFromStructure" ImageConversionType="JPEG" ImageExportResolution="Ppi300" GIFOptionsPalette="AdaptivePalette" GIFOptionsInterlaced="true" JPEGOptionsQuality="High" JPEGOptionsFormat="BaselineEncoding" ImageAlignment="AlignLeft" ImageSpaceBefore="0" ImageSpaceAfter="0" UseImagePageBreak="false" ImagePageBreak="PageBreakBefore" CustomImageAlignment="false" SpaceUnit="CssPixel" CustomLayout="false" CustomLayoutType="AlignmentAndSpacing" EpubType="$ID/" SizeType="DefaultSize" CustomSize="$ID/" PreserveAppearanceFromLayout="PreserveAppearanceDefault">
				<Properties>
					<AltMetadataProperty NamespacePrefix="$ID/" PropertyPath="$ID/" />
					<ActualMetadataProperty NamespacePrefix="$ID/" PropertyPath="$ID/" />
				</Properties>
			</ObjectExportOption>
			<TextFramePreference TextColumnCount="1" TextColumnFixedWidth="192.17576552943413" TextColumnMaxWidth="0" ColumnRuleOverride="false" ColumnRuleOffset="0" ColumnRuleTopInset="0" ColumnRuleInsetChainOverride="true" ColumnRuleBottomInset="0" ColumnRuleStrokeWidth="1" ColumnRuleStrokeColor="Color/LIBER CMYK Yellow" ColumnRuleStrokeType="StrokeStyle/$ID/Solid" ColumnRuleStrokeTint="100" ColumnRuleOverprintOverride="false">
				<Properties>
					<InsetSpacing type="list">
						<ListItem type="unit">0</ListItem>
						<ListItem type="unit">0</ListItem>
						<ListItem type="unit">0</ListItem>
						<ListItem type="unit">0</ListItem>
					</InsetSpacing>
				</Properties>
			</TextFramePreference>
			<TextWrapPreference Inverse="false" ApplyToMasterPageOnly="false" TextWrapSide="BothSides" TextWrapMode="None">
				<Properties>
					<TextWrapOffset Top="0" Left="0" Bottom="0" Right="0" />
				</Properties>
			</TextWrapPreference>
		</TextFrame>
		<TextFrame Self="u3677" ParentStory="u367a" PreviousTextFrame="n" NextTextFrame="n" ContentType="TextType" OverriddenPageItemProps="" Visible="true" Name="$ID/" HorizontalLayoutConstraints="FlexibleDimension FixedDimension FlexibleDimension" VerticalLayoutConstraints="FlexibleDimension FixedDimension FlexibleDimension" GradientFillStart="0 0" GradientFillLength="0" GradientFillAngle="0" GradientStrokeStart="0 0" GradientStrokeLength="0" GradientStrokeAngle="0" ItemLayer="ufd" Locked="false" LocalDisplaySetting="Default" GradientFillHiliteLength="0" GradientFillHiliteAngle="0" GradientStrokeHiliteLength="0" GradientStrokeHiliteAngle="0" AppliedObjectStyle="ObjectStyle/$ID/[Normal Text Frame]" ItemTransform="1 0 0 1 -506.62483711807636 -99.66705025641451" ParentInterfaceChangeCount="" TargetInterfaceChangeCount="" LastUpdatedInterfaceChangeCount="">
			<Properties>
				<PathGeometry>
					<GeometryPathType PathOpen="false">
						<PathPointArray>
							<PathPointType Anchor="67.69989745918156 -122.86838281445131" LeftDirection="67.69989745918156 -122.86838281445131" RightDirection="67.69989745918156 -122.86838281445131" />
							<PathPointType Anchor="67.69989745918156 -100.86838281445117" LeftDirection="67.69989745918156 -100.86838281445117" RightDirection="67.69989745918156 -100.86838281445117" />
							<PathPointType Anchor="212.81167682845398 -100.86838281445117" LeftDirection="212.81167682845398 -100.86838281445117" RightDirection="212.81167682845398 -100.86838281445117" />
							<PathPointType Anchor="212.81167682845398 -122.86838281445131" LeftDirection="212.81167682845398 -122.86838281445131" RightDirection="212.81167682845398 -122.86838281445131" />
						</PathPointArray>
					</GeometryPathType>
				</PathGeometry>
			</Properties>
			<ObjectExportOption AltTextSourceType="SourceXMLStructure" ActualTextSourceType="SourceXMLStructure" CustomAltText="$ID/" CustomActualText="$ID/" ApplyTagType="TagFromStructure" ImageConversionType="JPEG" ImageExportResolution="Ppi300" GIFOptionsPalette="AdaptivePalette" GIFOptionsInterlaced="true" JPEGOptionsQuality="High" JPEGOptionsFormat="BaselineEncoding" ImageAlignment="AlignLeft" ImageSpaceBefore="0" ImageSpaceAfter="0" UseImagePageBreak="false" ImagePageBreak="PageBreakBefore" CustomImageAlignment="false" SpaceUnit="CssPixel" CustomLayout="false" CustomLayoutType="AlignmentAndSpacing" EpubType="$ID/" SizeType="DefaultSize" CustomSize="$ID/" PreserveAppearanceFromLayout="PreserveAppearanceDefault">
				<Properties>
					<AltMetadataProperty NamespacePrefix="$ID/" PropertyPath="$ID/" />
					<ActualMetadataProperty NamespacePrefix="$ID/" PropertyPath="$ID/" />
				</Properties>
			</ObjectExportOption>
			<TextFramePreference TextColumnCount="1" TextColumnFixedWidth="145.11177936927243" TextColumnMaxWidth="0" ColumnRuleOverride="false" ColumnRuleOffset="0" ColumnRuleTopInset="0" ColumnRuleInsetChainOverride="true" ColumnRuleBottomInset="0" ColumnRuleStrokeWidth="1" ColumnRuleStrokeColor="Color/Black" ColumnRuleStrokeType="StrokeStyle/$ID/Solid" ColumnRuleStrokeTint="100" ColumnRuleOverprintOverride="false">
				<Properties>
					<InsetSpacing type="list">
						<ListItem type="unit">0</ListItem>
						<ListItem type="unit">0</ListItem>
						<ListItem type="unit">0</ListItem>
						<ListItem type="unit">0</ListItem>
					</InsetSpacing>
				</Properties>
			</TextFramePreference>
			<TextWrapPreference Inverse="false" ApplyToMasterPageOnly="false" TextWrapSide="BothSides" TextWrapMode="None">
				<Properties>
					<TextWrapOffset Top="0" Left="0" Bottom="0" Right="0" />
				</Properties>
			</TextWrapPreference>
		</TextFrame>
		<TextFrame Self="u3a91" ParentStory="u3a94" PreviousTextFrame="n" NextTextFrame="n" ContentType="TextType" OverriddenPageItemProps="" Visible="true" Name="$ID/" HorizontalLayoutConstraints="FlexibleDimension FixedDimension FlexibleDimension" VerticalLayoutConstraints="FlexibleDimension FixedDimension FlexibleDimension" GradientFillStart="0 0" GradientFillLength="0" GradientFillAngle="0" GradientStrokeStart="0 0" GradientStrokeLength="0" GradientStrokeAngle="0" ItemLayer="ufd" Locked="false" LocalDisplaySetting="Default" GradientFillHiliteLength="0" GradientFillHiliteAngle="0" GradientStrokeHiliteLength="0" GradientStrokeHiliteAngle="0" AppliedObjectStyle="ObjectStyle/$ID/[Normal Text Frame]" ItemTransform="1 0 0 1 174.7257550696852 -77.96422627667462" ParentInterfaceChangeCount="" TargetInterfaceChangeCount="" LastUpdatedInterfaceChangeCount="">
			<Properties>
				<PathGeometry>
					<GeometryPathType PathOpen="false">
						<PathPointArray>
							<PathPointType Anchor="83.99248997035598 -180.01757838509596" LeftDirection="83.99248997035598 -180.01757838509596" RightDirection="83.99248997035598 -180.01757838509596" />
							<PathPointType Anchor="83.99248997035598 362.13745462313176" LeftDirection="83.99248997035598 362.13745462313176" RightDirection="83.99248997035598 362.13745462313176" />
							<PathPointType Anchor="254.65421870197804 362.13745462313176" LeftDirection="254.65421870197804 362.13745462313176" RightDirection="254.65421870197804 362.13745462313176" />
							<PathPointType Anchor="254.65421870197804 -180.01757838509596" LeftDirection="254.65421870197804 -180.01757838509596" RightDirection="254.65421870197804 -180.01757838509596" />
						</PathPointArray>
					</GeometryPathType>
				</PathGeometry>
			</Properties>
			<ObjectExportOption AltTextSourceType="SourceXMLStructure" ActualTextSourceType="SourceXMLStructure" CustomAltText="$ID/" CustomActualText="$ID/" ApplyTagType="TagFromStructure" ImageConversionType="JPEG" ImageExportResolution="Ppi300" GIFOptionsPalette="AdaptivePalette" GIFOptionsInterlaced="true" JPEGOptionsQuality="High" JPEGOptionsFormat="BaselineEncoding" ImageAlignment="AlignLeft" ImageSpaceBefore="0" ImageSpaceAfter="0" UseImagePageBreak="false" ImagePageBreak="PageBreakBefore" CustomImageAlignment="false" SpaceUnit="CssPixel" CustomLayout="false" CustomLayoutType="AlignmentAndSpacing" EpubType="$ID/" SizeType="DefaultSize" CustomSize="$ID/" PreserveAppearanceFromLayout="PreserveAppearanceDefault">
				<Properties>
					<AltMetadataProperty NamespacePrefix="$ID/" PropertyPath="$ID/" />
					<ActualMetadataProperty NamespacePrefix="$ID/" PropertyPath="$ID/" />
				</Properties>
			</ObjectExportOption>
			<TextFramePreference TextColumnCount="1" TextColumnFixedWidth="170.66172873162208" TextColumnMaxWidth="0" ColumnRuleOverride="false" ColumnRuleOffset="0" ColumnRuleTopInset="0" ColumnRuleInsetChainOverride="true" ColumnRuleBottomInset="0" ColumnRuleStrokeWidth="1" ColumnRuleStrokeColor="Color/Black" ColumnRuleStrokeType="StrokeStyle/$ID/Solid" ColumnRuleStrokeTint="100" ColumnRuleOverprintOverride="false">
				<Properties>
					<InsetSpacing type="list">
						<ListItem type="unit">0</ListItem>
						<ListItem type="unit">0</ListItem>
						<ListItem type="unit">0</ListItem>
						<ListItem type="unit">0</ListItem>
					</InsetSpacing>
				</Properties>
			</TextFramePreference>
			<TextWrapPreference Inverse="false" ApplyToMasterPageOnly="false" TextWrapSide="BothSides" TextWrapMode="None">
				<Properties>
					<TextWrapOffset Top="0" Left="0" Bottom="0" Right="0" />
				</Properties>
			</TextWrapPreference>
		</TextFrame>
		<TextFrame Self="u3d27" ParentStory="u287e" PreviousTextFrame="u366e" NextTextFrame="u3d2b" ContentType="TextType" OverriddenPageItemProps="" Visible="true" Name="$ID/" HorizontalLayoutConstraints="FlexibleDimension FixedDimension FlexibleDimension" VerticalLayoutConstraints="FlexibleDimension FixedDimension FlexibleDimension" GradientFillStart="0 0" GradientFillLength="0" GradientFillAngle="0" GradientStrokeStart="0 0" GradientStrokeLength="0" GradientStrokeAngle="0" ItemLayer="ufd" Locked="false" LocalDisplaySetting="Default" GradientFillHiliteLength="0" GradientFillHiliteAngle="0" GradientStrokeHiliteLength="0" GradientStrokeHiliteAngle="0" AppliedObjectStyle="ObjectStyle/$ID/[Normal Text Frame]" ItemTransform="1 0 0 1 -233.3582677165353 -78.32677165354289" ParentInterfaceChangeCount="" TargetInterfaceChangeCount="" LastUpdatedInterfaceChangeCount="">
			<Properties>
				<PathGeometry>
					<GeometryPathType PathOpen="false">
						<PathPointArray>
							<PathPointType Anchor="-0.5 21.499999999999986" LeftDirection="-0.5 21.499999999999986" RightDirection="-0.5 21.499999999999986" />
							<PathPointType Anchor="-0.5 208.5000000000001" LeftDirection="-0.5 208.5000000000001" RightDirection="-0.5 208.5000000000001" />
							<PathPointType Anchor="190.83858267767457 208.5000000000001" LeftDirection="190.83858267767457 208.5000000000001" RightDirection="190.83858267767457 208.5000000000001" />
							<PathPointType Anchor="190.83858267767457 21.499999999999986" LeftDirection="190.83858267767457 21.499999999999986" RightDirection="190.83858267767457 21.499999999999986" />
						</PathPointArray>
					</GeometryPathType>
				</PathGeometry>
			</Properties>
			<ObjectExportOption AltTextSourceType="SourceXMLStructure" ActualTextSourceType="SourceXMLStructure" CustomAltText="$ID/" CustomActualText="$ID/" ApplyTagType="TagFromStructure" ImageConversionType="JPEG" ImageExportResolution="Ppi300" GIFOptionsPalette="AdaptivePalette" GIFOptionsInterlaced="true" JPEGOptionsQuality="High" JPEGOptionsFormat="BaselineEncoding" ImageAlignment="AlignLeft" ImageSpaceBefore="0" ImageSpaceAfter="0" UseImagePageBreak="false" ImagePageBreak="PageBreakBefore" CustomImageAlignment="false" SpaceUnit="CssPixel" CustomLayout="false" CustomLayoutType="AlignmentAndSpacing" EpubType="$ID/" SizeType="DefaultSize" CustomSize="$ID/" PreserveAppearanceFromLayout="PreserveAppearanceDefault">
				<Properties>
					<AltMetadataProperty NamespacePrefix="$ID/" PropertyPath="$ID/" />
					<ActualMetadataProperty NamespacePrefix="$ID/" PropertyPath="$ID/" />
				</Properties>
			</ObjectExportOption>
			<TextFramePreference TextColumnCount="1" TextColumnFixedWidth="191.33858267767457" TextColumnMaxWidth="0" ColumnRuleOverride="false" ColumnRuleOffset="0" ColumnRuleTopInset="0" ColumnRuleInsetChainOverride="true" ColumnRuleBottomInset="0" ColumnRuleStrokeWidth="1" ColumnRuleStrokeColor="Color/Black" ColumnRuleStrokeType="StrokeStyle/$ID/Solid" ColumnRuleStrokeTint="100" ColumnRuleOverprintOverride="false">
				<Properties>
					<InsetSpacing type="list">
						<ListItem type="unit">0</ListItem>
						<ListItem type="unit">0</ListItem>
						<ListItem type="unit">0</ListItem>
						<ListItem type="unit">0</ListItem>
					</InsetSpacing>
				</Properties>
			</TextFramePreference>
			<TextWrapPreference Inverse="false" ApplyToMasterPageOnly="false" TextWrapSide="BothSides" TextWrapMode="None">
				<Properties>
					<TextWrapOffset Top="0" Left="0" Bottom="0" Right="0" />
				</Properties>
			</TextWrapPreference>
		</TextFrame>
		<TextFrame Self="u3d2b" ParentStory="u287e" PreviousTextFrame="u3d27" NextTextFrame="n" ContentType="TextType" OverriddenPageItemProps="" Visible="true" Name="$ID/" HorizontalLayoutConstraints="FlexibleDimension FixedDimension FlexibleDimension" VerticalLayoutConstraints="FlexibleDimension FixedDimension FlexibleDimension" GradientFillStart="0 0" GradientFillLength="0" GradientFillAngle="0" GradientStrokeStart="0 0" GradientStrokeLength="0" GradientStrokeAngle="0" ItemLayer="ufd" Locked="false" LocalDisplaySetting="Default" GradientFillHiliteLength="0" GradientFillHiliteAngle="0" GradientStrokeHiliteLength="0" GradientStrokeHiliteAngle="0" AppliedObjectStyle="ObjectStyle/$ID/[Normal Text Frame]" ItemTransform="1 0 0 1 43.01968503940003 -133.3267716535429" ParentInterfaceChangeCount="" TargetInterfaceChangeCount="" LastUpdatedInterfaceChangeCount="">
			<Properties>
				<PathGeometry>
					<GeometryPathType PathOpen="false">
						<PathPointArray>
							<PathPointType Anchor="-0.5 71.06692913411919" LeftDirection="-0.5 71.06692913411919" RightDirection="-0.5 71.06692913411919" />
							<PathPointType Anchor="-0.5 428.5" LeftDirection="-0.5 428.5" RightDirection="-0.5 428.5" />
							<PathPointType Anchor="190.83858267713538 428.5" LeftDirection="190.83858267713538 428.5" RightDirection="190.83858267713538 428.5" />
							<PathPointType Anchor="190.83858267713538 71.06692913411919" LeftDirection="190.83858267713538 71.06692913411919" RightDirection="190.83858267713538 71.06692913411919" />
						</PathPointArray>
					</GeometryPathType>
				</PathGeometry>
			</Properties>
			<ObjectExportOption AltTextSourceType="SourceXMLStructure" ActualTextSourceType="SourceXMLStructure" CustomAltText="$ID/" CustomActualText="$ID/" ApplyTagType="TagFromStructure" ImageConversionType="JPEG" ImageExportResolution="Ppi300" GIFOptionsPalette="AdaptivePalette" GIFOptionsInterlaced="true" JPEGOptionsQuality="High" JPEGOptionsFormat="BaselineEncoding" ImageAlignment="AlignLeft" ImageSpaceBefore="0" ImageSpaceAfter="0" UseImagePageBreak="false" ImagePageBreak="PageBreakBefore" CustomImageAlignment="false" SpaceUnit="CssPixel" CustomLayout="false" CustomLayoutType="AlignmentAndSpacing" EpubType="$ID/" SizeType="DefaultSize" CustomSize="$ID/" PreserveAppearanceFromLayout="PreserveAppearanceDefault">
				<Properties>
					<AltMetadataProperty NamespacePrefix="$ID/" PropertyPath="$ID/" />
					<ActualMetadataProperty NamespacePrefix="$ID/" PropertyPath="$ID/" />
				</Properties>
			</ObjectExportOption>
			<TextFramePreference TextColumnCount="1" TextColumnFixedWidth="191.33858267713538" TextColumnMaxWidth="0" ColumnRuleOverride="false" ColumnRuleOffset="0" ColumnRuleTopInset="0" ColumnRuleInsetChainOverride="true" ColumnRuleBottomInset="0" ColumnRuleStrokeWidth="1" ColumnRuleStrokeColor="Color/Black" ColumnRuleStrokeType="StrokeStyle/$ID/Solid" ColumnRuleStrokeTint="100" ColumnRuleOverprintOverride="false">
				<Properties>
					<InsetSpacing type="list">
						<ListItem type="unit">0</ListItem>
						<ListItem type="unit">0</ListItem>
						<ListItem type="unit">0</ListItem>
						<ListItem type="unit">0</ListItem>
					</InsetSpacing>
				</Properties>
			</TextFramePreference>
			<TextWrapPreference Inverse="false" ApplyToMasterPageOnly="false" TextWrapSide="BothSides" TextWrapMode="None">
				<Properties>
					<TextWrapOffset Top="0" Left="0" Bottom="0" Right="0" />
				</Properties>
			</TextWrapPreference>
		</TextFrame>
	</Spread>
</idPkg:Spread>
