<?xml version="1.0" encoding="UTF-8" standalone="yes"?>
<idPkg:Graphic xmlns:idPkg="http://ns.adobe.com/AdobeInDesign/idml/1.0/packaging" DOMVersion="16.1">
	<Color Self="Color/Black" Model="Process" Space="CMYK" ColorValue="0 0 0 100" ColorOverride="Specialblack" ConvertToHsb="false" AlternateSpace="NoAlternateColor" AlternateColorValue="" Name="Black" ColorEditable="false" ColorRemovable="false" Visible="true" SwatchCreatorID="7937" SwatchColorGroupReference="u12ColorGroupSwatch3" />
	<Color Self="Color/Cyan" Model="Process" Space="CMYK" ColorValue="100 0 0 0" ColorOverride="Hiddenreserved" ConvertToHsb="false" AlternateSpace="NoAlternateColor" AlternateColorValue="" Name="Cyan" ColorEditable="false" ColorRemovable="false" Visible="false" SwatchCreatorID="7937" SwatchColorGroupReference="n" />
	<Color Self="Color/Hyperlink" Model="Process" Space="CMYK" ColorValue="86 56.99999999999999 0 16" ColorOverride="Normal" ConvertToHsb="false" AlternateSpace="NoAlternateColor" AlternateColorValue="" Name="Hyperlink" ColorEditable="true" ColorRemovable="true" Visible="true" SwatchCreatorID="7937" SwatchColorGroupReference="u12ColorGroupSwatch4" />
	<Color Self="Color/LIBER CMYK Dark Blue" Model="Process" Space="CMYK" ColorValue="80.0000011920929 34.99999940395355 0 50" ColorOverride="Normal" ConvertToHsb="false" AlternateSpace="NoAlternateColor" AlternateColorValue="" Name="LIBER CMYK Dark Blue" ColorEditable="true" ColorRemovable="true" Visible="true" SwatchCreatorID="7937" SwatchColorGroupReference="u12ColorGroupSwatch5" />
	<Color Self="Color/LIBER CMYK Light Blue" Model="Process" Space="CMYK" ColorValue="60.00000238418579 30.19999861717224 0 0" ColorOverride="Normal" ConvertToHsb="false" AlternateSpace="NoAlternateColor" AlternateColorValue="" Name="LIBER CMYK Light Blue" ColorEditable="true" ColorRemovable="true" Visible="true" SwatchCreatorID="7937" SwatchColorGroupReference="u12ColorGroupSwatch6" />
	<Color Self="Color/LIBER CMYK Orange" Model="Process" Space="CMYK" ColorValue="0 68.00000071525574 89.48999643325806 0" ColorOverride="Normal" ConvertToHsb="false" AlternateSpace="NoAlternateColor" AlternateColorValue="" Name="LIBER CMYK Orange" ColorEditable="true" ColorRemovable="true" Visible="true" SwatchCreatorID="7937" SwatchColorGroupReference="u12ColorGroupSwatch7" />
	<Color Self="Color/LIBER CMYK Yellow" Model="Process" Space="CMYK" ColorValue="5.999999865889549 31.999999284744263 100 0" ColorOverride="Normal" ConvertToHsb="false" AlternateSpace="NoAlternateColor" AlternateColorValue="" Name="LIBER CMYK Yellow" ColorEditable="true" ColorRemovable="true" Visible="true" SwatchCreatorID="7937" SwatchColorGroupReference="u12ColorGroupSwatch8" />
	<Color Self="Color/Magenta" Model="Process" Space="CMYK" ColorValue="0 100 0 0" ColorOverride="Hiddenreserved" ConvertToHsb="false" AlternateSpace="NoAlternateColor" AlternateColorValue="" Name="Magenta" ColorEditable="false" ColorRemovable="false" Visible="false" SwatchCreatorID="7937" SwatchColorGroupReference="n" />
	<Color Self="Color/Paper" Model="Process" Space="CMYK" ColorValue="0 0 0 0" ColorOverride="Specialpaper" ConvertToHsb="false" AlternateSpace="NoAlternateColor" AlternateColorValue="" Name="Paper" ColorEditable="true" ColorRemovable="false" Visible="true" SwatchCreatorID="7937" SwatchColorGroupReference="u12ColorGroupSwatch2" />
	<Color Self="Color/Registration" Model="Registration" Space="CMYK" ColorValue="100 100 100 100" ColorOverride="Specialregistration" ConvertToHsb="false" AlternateSpace="NoAlternateColor" AlternateColorValue="" Name="Registration" ColorEditable="false" ColorRemovable="false" Visible="true" SwatchCreatorID="7937" SwatchColorGroupReference="u12ColorGroupSwatch1" />
	<Color Self="Color/Yellow" Model="Process" Space="CMYK" ColorValue="0 0 100 0" ColorOverride="Hiddenreserved" ConvertToHsb="false" AlternateSpace="NoAlternateColor" AlternateColorValue="" Name="Yellow" ColorEditable="false" ColorRemovable="false" Visible="false" SwatchCreatorID="7937" SwatchColorGroupReference="n" />
	<Color Self="Color/u7e" Model="Process" Space="CMYK" ColorValue="0 0 0 0" ColorOverride="Normal" ConvertToHsb="false" AlternateSpace="NoAlternateColor" AlternateColorValue="" Name="$ID/" ColorEditable="true" ColorRemovable="true" Visible="false" SwatchCreatorID="7937" SwatchColorGroupReference="n" />
	<Color Self="Color/u3926" Model="Process" Space="RGB" ColorValue="0 0 0" ColorOverride="Normal" ConvertToHsb="false" AlternateSpace="NoAlternateColor" AlternateColorValue="" Name="$ID/" ColorEditable="true" ColorRemovable="true" Visible="false" SwatchCreatorID="7937" SwatchColorGroupReference="n" />
	<Ink Self="Ink/$ID/Process Cyan" Name="$ID/Process Cyan" Angle="75" ConvertToProcess="false" Frequency="70" NeutralDensity="0.61" PrintInk="true" TrapOrder="1" InkType="Normal" />
	<Ink Self="Ink/$ID/Process Magenta" Name="$ID/Process Magenta" Angle="15" ConvertToProcess="false" Frequency="70" NeutralDensity="0.76" PrintInk="true" TrapOrder="2" InkType="Normal" />
	<Ink Self="Ink/$ID/Process Yellow" Name="$ID/Process Yellow" Angle="0" ConvertToProcess="false" Frequency="70" NeutralDensity="0.16" PrintInk="true" TrapOrder="3" InkType="Normal" />
	<Ink Self="Ink/$ID/Process Black" Name="$ID/Process Black" Angle="45" ConvertToProcess="false" Frequency="70" NeutralDensity="1.7" PrintInk="true" TrapOrder="4" InkType="Normal" />
	<PastedSmoothShade Self="PastedSmoothShade/u7d" ContentsVersion="0" ContentsType="ConstantShade" SpotColorList="" ContentsEncoding="Ascii64Encoding" ContentsMatrix="1 0 0 1 0 0" Name="$ID/" ColorEditable="true" ColorRemovable="true" Visible="false" SwatchCreatorID="7937" SwatchColorGroupReference="n">
		<Properties>
			<Contents><![CDATA[AAAAAUBv4AAAAAAAAAAAAAAAAAAAAAAAAAAAAA==]]></Contents>
		</Properties>
	</PastedSmoothShade>
	<Swatch Self="Swatch/None" Name="None" ColorEditable="false" ColorRemovable="false" Visible="true" SwatchCreatorID="7937" SwatchColorGroupReference="u12ColorGroupSwatch0" />
	<Gradient Self="Gradient/u7f" Type="Linear" Name="$ID/" ColorEditable="true" ColorRemovable="true" Visible="false" SwatchCreatorID="7937" SwatchColorGroupReference="n">
		<GradientStop Self="u7fGradientStop0" StopColor="Color/u7e" Location="0" />
		<GradientStop Self="u7fGradientStop1" StopColor="Color/Black" Location="100" Midpoint="50" />
	</Gradient>
	<StrokeStyle Self="StrokeStyle/$ID/Triple_Stroke" Name="$ID/Triple_Stroke" />
	<StrokeStyle Self="StrokeStyle/$ID/ThickThinThick" Name="$ID/ThickThinThick" />
	<StrokeStyle Self="StrokeStyle/$ID/ThinThickThin" Name="$ID/ThinThickThin" />
	<StrokeStyle Self="StrokeStyle/$ID/ThickThick" Name="$ID/ThickThick" />
	<StrokeStyle Self="StrokeStyle/$ID/ThickThin" Name="$ID/ThickThin" />
	<StrokeStyle Self="StrokeStyle/$ID/ThinThick" Name="$ID/ThinThick" />
	<StrokeStyle Self="StrokeStyle/$ID/ThinThin" Name="$ID/ThinThin" />
	<StrokeStyle Self="StrokeStyle/$ID/Japanese Dots" Name="$ID/Japanese Dots" />
	<StrokeStyle Self="StrokeStyle/$ID/White Diamond" Name="$ID/White Diamond" />
	<StrokeStyle Self="StrokeStyle/$ID/Left Slant Hash" Name="$ID/Left Slant Hash" />
	<StrokeStyle Self="StrokeStyle/$ID/Right Slant Hash" Name="$ID/Right Slant Hash" />
	<StrokeStyle Self="StrokeStyle/$ID/Straight Hash" Name="$ID/Straight Hash" />
	<StrokeStyle Self="StrokeStyle/$ID/Wavy" Name="$ID/Wavy" />
	<StrokeStyle Self="StrokeStyle/$ID/Canned Dotted" Name="$ID/Canned Dotted" />
	<StrokeStyle Self="StrokeStyle/$ID/Canned Dashed 3x2" Name="$ID/Canned Dashed 3x2" />
	<StrokeStyle Self="StrokeStyle/$ID/Canned Dashed 4x4" Name="$ID/Canned Dashed 4x4" />
	<StrokeStyle Self="StrokeStyle/$ID/Dashed" Name="$ID/Dashed" />
	<StrokeStyle Self="StrokeStyle/$ID/Solid" Name="$ID/Solid" />
	<DashedStrokeStyle Self="DashedStrokeStyle/LIBER CHAPTER" DashArray="14.173228346456694 0" StrokeCornerAdjustment="None" EndCap="RoundEndCap" Name="LIBER CHAPTER" />
</idPkg:Graphic>