<?xml version="1.0" encoding="UTF-8" standalone="yes"?>
<idPkg:Styles xmlns:idPkg="http://ns.adobe.com/AdobeInDesign/idml/1.0/packaging" DOMVersion="16.1">
	<RootCharacterStyleGroup Self="u73">
		<CharacterStyle Self="CharacterStyle/$ID/[No character style]" Imported="false" SplitDocument="false" EmitCss="true" StyleUniqueId="$ID/" IncludeClass="true" ExtendedKeyboardShortcut="0 0 0" Name="$ID/[No character style]" />
		<CharacterStyle Self="CharacterStyle/Bold" Imported="false" SplitDocument="false" EmitCss="true" StyleUniqueId="53679f6d-0c3a-4e7a-ab06-b593ba6baeea" IncludeClass="true" ExtendedKeyboardShortcut="0 0 0" KeyboardShortcut="0 0" Name="Bold" FontStyle="Black">
			<Properties>
				<BasedOn type="object">CharacterStyle/Regular text</BasedOn>
				<PreviewColor type="enumeration">Nothing</PreviewColor>
			</Properties>
		</CharacterStyle>
		<CharacterStyle Self="CharacterStyle/Editor" Imported="false" SplitDocument="false" EmitCss="true" StyleUniqueId="739b62c3-6f3a-424c-b370-6d20fd970969" IncludeClass="true" ExtendedKeyboardShortcut="0 0 0" KeyboardShortcut="0 0" Name="Editor" FillColor="Color/LIBER CMYK Dark Blue" FontStyle="Italic" StrokeColor="Swatch/None" OverprintStroke="false">
			<Properties>
				<BasedOn type="string">$ID/[No character style]</BasedOn>
				<PreviewColor type="enumeration">Nothing</PreviewColor>
				<AppliedFont type="string">Lato</AppliedFont>
			</Properties>
		</CharacterStyle>
		<CharacterStyle Self="CharacterStyle/Regular text" Imported="false" SplitDocument="false" EmitCss="true" StyleUniqueId="03d61c01-12e9-477c-8f01-76b5b25ca1fa" IncludeClass="true" ExtendedKeyboardShortcut="0 0 0" KeyboardShortcut="0 0" Name="Regular text" FillColor="Color/LIBER CMYK Dark Blue" FontStyle="Regular" PointSize="9" Capitalization="Normal" StrokeColor="Swatch/None">
			<Properties>
				<BasedOn type="string">$ID/[No character style]</BasedOn>
				<PreviewColor type="enumeration">Nothing</PreviewColor>
				<Leading type="unit">11</Leading>
				<AppliedFont type="string">Lato</AppliedFont>
			</Properties>
		</CharacterStyle>
		<CharacterStyle Self="CharacterStyle/index underline" Imported="false" SplitDocument="false" EmitCss="true" StyleUniqueId="62d9cd28-ff74-4db3-9b1b-5b2a311dab6b" IncludeClass="true" ExtendedKeyboardShortcut="0 0 0" KeyboardShortcut="0 0" Name="index underline" FontStyle="Regular" PointSize="9" Underline="true" UnderlineOffset="-9999" UnderlineWeight="-9999" DiacriticPosition="OpentypePosition">
			<Properties>
				<BasedOn type="string">$ID/[No character style]</BasedOn>
				<PreviewColor type="enumeration">Nothing</PreviewColor>
				<AppliedFont type="string">Lato</AppliedFont>
				<UnderlineColor type="object">Color/LIBER CMYK Dark Blue</UnderlineColor>
				<UnderlineType type="object">StrokeStyle/$ID/Canned Dotted</UnderlineType>
			</Properties>
		</CharacterStyle>
		<CharacterStyle Self="CharacterStyle/header" Imported="false" SplitDocument="false" EmitCss="true" StyleUniqueId="07c4168e-292a-4aeb-ad09-05a50ae9cdbd" IncludeClass="true" ExtendedKeyboardShortcut="0 0 0" KeyboardShortcut="0 0" Name="header" FillColor="Color/Hyperlink" FontStyle="Regular" PointSize="14" KerningMethod="$ID/Optical" Ligatures="false" Capitalization="Normal" StrokeColor="Swatch/None" KerningValue="1e+11" NoBreak="false" Underline="false" StrikeThru="false">
			<Properties>
				<BasedOn type="string">$ID/[No character style]</BasedOn>
				<PreviewColor type="enumeration">Nothing</PreviewColor>
				<AppliedFont type="string">Crimson Text</AppliedFont>
			</Properties>
		</CharacterStyle>
		<CharacterStyle Self="CharacterStyle/bullet" Imported="false" SplitDocument="false" EmitCss="true" StyleUniqueId="5b4221f7-12a4-4b00-8924-a064991d78ed" IncludeClass="true" ExtendedKeyboardShortcut="0 0 0" KeyboardShortcut="0 0" Name="bullet" FillColor="Color/LIBER CMYK Yellow" FontStyle="Regular" PointSize="11">
			<Properties>
				<BasedOn type="string">$ID/[No character style]</BasedOn>
				<PreviewColor type="enumeration">Nothing</PreviewColor>
				<AppliedFont type="string">Lato</AppliedFont>
			</Properties>
		</CharacterStyle>
		<CharacterStyle Self="CharacterStyle/LIBER-Text-BOLD" Imported="false" SplitDocument="false" EmitCss="true" StyleUniqueId="cb26e534-f24c-41e6-bb60-7e07ce1e90d3" IncludeClass="true" ExtendedKeyboardShortcut="0 0 0" KeyboardShortcut="0 0" Name="LIBER-Text-BOLD" FillColor="Color/LIBER CMYK Dark Blue" FontStyle="Black" Underline="false" UnderlineOffset="2" UnderlineWeight="0.75">
			<Properties>
				<BasedOn type="string">$ID/[No character style]</BasedOn>
				<PreviewColor type="enumeration">Nothing</PreviewColor>
				<UnderlineColor type="object">Color/LIBER CMYK Yellow</UnderlineColor>
				<UnderlineType type="object">DashedStrokeStyle/LIBER CHAPTER</UnderlineType>
			</Properties>
		</CharacterStyle>
		<CharacterStyle Self="CharacterStyle/HYPERLINK YELLOW" Imported="false" SplitDocument="false" EmitCss="true" StyleUniqueId="20c43f60-f649-4c5f-80e2-7be092a53f06" IncludeClass="true" ExtendedKeyboardShortcut="0 0 0" KeyboardShortcut="0 0" Name="HYPERLINK YELLOW" PointSize="8.8" KerningMethod="$ID/Metrics" KerningValue="1e+11" Underline="true" OTFFigureStyle="Default" OTFContextualAlternate="false">
			<Properties>
				<BasedOn type="object">CharacterStyle/LIBER-Text-BOLD</BasedOn>
				<PreviewColor type="enumeration">Nothing</PreviewColor>
				<Leading type="unit">11</Leading>
			</Properties>
		</CharacterStyle>
		<CharacterStyle Self="CharacterStyle/HYPERLINK light blue" Imported="false" SplitDocument="false" EmitCss="true" StyleUniqueId="13fc1110-53fc-4aa0-9a7a-ab97bfe5b766" IncludeClass="true" ExtendedKeyboardShortcut="0 0 0" KeyboardShortcut="0 0" Name="HYPERLINK light blue" PointSize="8.8" KerningMethod="$ID/Metrics" KerningValue="1e+11" Underline="true" OTFFigureStyle="Default" OTFContextualAlternate="false">
			<Properties>
				<BasedOn type="object">CharacterStyle/LIBER-Text-BOLD</BasedOn>
				<PreviewColor type="enumeration">Nothing</PreviewColor>
				<Leading type="unit">11</Leading>
				<UnderlineColor type="object">Color/LIBER CMYK Light Blue</UnderlineColor>
			</Properties>
		</CharacterStyle>
		<CharacterStyle Self="CharacterStyle/LIBER-Bullet-Blue" Imported="false" SplitDocument="false" EmitCss="true" StyleUniqueId="19d37332-43db-4df5-b036-37364e6a595b" IncludeClass="true" ExtendedKeyboardShortcut="0 0 0" KeyboardShortcut="0 0" Name="LIBER-Bullet-Blue" FillColor="Color/LIBER CMYK Dark Blue" FontStyle="Bold" PointSize="9" KerningMethod="$ID/Optical" BaselineShift="-1" KerningValue="1e+11" OTFFigureStyle="ProportionalOldstyle" DiacriticPosition="OpentypePosition">
			<Properties>
				<BasedOn type="string">$ID/[No character style]</BasedOn>
				<PreviewColor type="enumeration">Nothing</PreviewColor>
				<Leading type="unit">10</Leading>
				<AppliedFont type="string">Lato</AppliedFont>
			</Properties>
		</CharacterStyle>
		<CharacterStyle Self="CharacterStyle/Header" Imported="false" SplitDocument="false" EmitCss="true" StyleUniqueId="f6517327-0ef3-4047-ad44-b6dece858409" IncludeClass="true" ExtendedKeyboardShortcut="0 0 0" KeyboardShortcut="0 0" Name="Header" FillColor="Color/LIBER CMYK Dark Blue" FontStyle="Bold" PointSize="24" KerningMethod="$ID/Metrics" Capitalization="AllCaps" StrokeColor="Swatch/None" KerningValue="1e+11" Underline="true" OTFFigureStyle="Default" OTFContextualAlternate="false" UnderlineOffset="-9999" UnderlineOverprint="false" UnderlineWeight="2.5">
			<Properties>
				<BasedOn type="string">$ID/[No character style]</BasedOn>
				<PreviewColor type="enumeration">Nothing</PreviewColor>
				<Leading type="unit">26</Leading>
				<AppliedFont type="string">Crimson Text</AppliedFont>
				<UnderlineColor type="object">Color/LIBER CMYK Yellow</UnderlineColor>
				<UnderlineType type="object">StrokeStyle/$ID/Solid</UnderlineType>
			</Properties>
		</CharacterStyle>
		<CharacterStyle Self="CharacterStyle/Header Highlight" Imported="false" SplitDocument="false" EmitCss="true" StyleUniqueId="e47944ca-8f67-4850-a0ec-62f92757766e" IncludeClass="true" ExtendedKeyboardShortcut="0 0 0" KeyboardShortcut="0 0" Name="Header Highlight" StrokeWeight="0.7752344478726776" UnderlineOffset="-8" UnderlineWeight="26" MiterLimit="3.1009377914907104" DiacriticPosition="OpentypePosition">
			<Properties>
				<BasedOn type="object">CharacterStyle/Header</BasedOn>
				<PreviewColor type="enumeration">Nothing</PreviewColor>
			</Properties>
		</CharacterStyle>
	</RootCharacterStyleGroup>
	<RootParagraphStyleGroup Self="u72">
		<ParagraphStyle Self="ParagraphStyle/$ID/[No paragraph style]" Name="$ID/[No paragraph style]" Imported="false" SplitDocument="false" EmitCss="true" StyleUniqueId="e75caf94-63c1-4c81-9f4c-73e3e9a67874" IncludeClass="true" ExtendedKeyboardShortcut="0 0 0" EmptyNestedStyles="true" EmptyLineStyles="true" EmptyGrepStyles="true" FillColor="Color/Black" FontStyle="Regular" PointSize="12" HorizontalScale="100" KerningMethod="$ID/Metrics" Ligatures="true" PageNumberType="AutoPageNumber" StrokeWeight="1" Tracking="0" Composer="HL Composer" DropCapCharacters="0" DropCapLines="0" BaselineShift="0" Capitalization="Normal" StrokeColor="Swatch/None" HyphenateLadderLimit="3" VerticalScale="100" LeftIndent="0" RightIndent="0" FirstLineIndent="0" AutoLeading="120" AppliedLanguage="$ID/English: UK" Hyphenation="true" HyphenateAfterFirst="2" HyphenateBeforeLast="2" HyphenateCapitalizedWords="true" HyphenateWordsLongerThan="5" NoBreak="false" HyphenationZone="36" SpaceBefore="0" SpaceAfter="0" Underline="false" OTFFigureStyle="Default" DesiredWordSpacing="100" MaximumWordSpacing="133" MinimumWordSpacing="80" DesiredLetterSpacing="0" MaximumLetterSpacing="0" MinimumLetterSpacing="0" DesiredGlyphScaling="100" MaximumGlyphScaling="100" MinimumGlyphScaling="100" StartParagraph="Anywhere" KeepAllLinesTogether="false" KeepWithNext="0" KeepFirstLines="2" KeepLastLines="2" Position="Normal" StrikeThru="false" CharacterAlignment="AlignEmCenter" KeepLinesTogether="false" StrokeTint="-1" FillTint="-1" OverprintStroke="false" OverprintFill="false" GradientStrokeAngle="0" GradientFillAngle="0" GradientStrokeLength="-1" GradientFillLength="-1" GradientStrokeStart="0 0" GradientFillStart="0 0" Skew="0" RuleAboveLineWeight="1" RuleAboveTint="-1" RuleAboveOffset="0" RuleAboveLeftIndent="0" RuleAboveRightIndent="0" RuleAboveWidth="ColumnWidth" RuleBelowLineWeight="1" RuleBelowTint="-1" RuleBelowOffset="0" RuleBelowLeftIndent="0" RuleBelowRightIndent="0" RuleBelowWidth="ColumnWidth" RuleAboveOverprint="false" RuleBelowOverprint="false" RuleAbove="false" RuleBelow="false" LastLineIndent="0" HyphenateLastWord="true" ParagraphBreakType="Anywhere" SingleWordJustification="FullyJustified" OTFOrdinal="false" OTFFraction="false" OTFDiscretionaryLigature="false" OTFTitling="false" RuleAboveGapTint="-1" RuleAboveGapOverprint="false" RuleBelowGapTint="-1" RuleBelowGapOverprint="false" Justification="LeftAlign" DropcapDetail="1" PositionalForm="None" OTFMark="true" HyphenWeight="5" OTFLocale="true" HyphenateAcrossColumns="true" KeepRuleAboveInFrame="false" IgnoreEdgeAlignment="false" OTFSlashedZero="false" OTFStylisticSets="0" OTFHistorical="false" OTFContextualAlternate="true" UnderlineGapOverprint="false" UnderlineGapTint="-1" UnderlineOffset="-9999" UnderlineOverprint="false" UnderlineTint="-1" UnderlineWeight="-9999" StrikeThroughGapOverprint="false" StrikeThroughGapTint="-1" StrikeThroughOffset="-9999" StrikeThroughOverprint="false" StrikeThroughTint="-1" StrikeThroughWeight="-9999" MiterLimit="4" StrokeAlignment="OutsideAlignment" EndJoin="MiterEndJoin" SpanColumnType="SingleColumn" SplitColumnInsideGutter="6" SplitColumnOutsideGutter="0" KeepWithPrevious="false" SpanColumnMinSpaceBefore="0" SpanColumnMinSpaceAfter="0" OTFSwash="false" ParagraphShadingTint="20" ParagraphShadingOverprint="false" ParagraphShadingWidth="ColumnWidth" ParagraphShadingOn="false" ParagraphShadingClipToFrame="false" ParagraphShadingSuppressPrinting="false" ParagraphShadingLeftOffset="0" ParagraphShadingRightOffset="0" ParagraphShadingTopOffset="0" ParagraphShadingBottomOffset="0" ParagraphShadingTopOrigin="AscentTopOrigin" ParagraphShadingBottomOrigin="DescentBottomOrigin" ParagraphBorderTint="-1" ParagraphBorderOverprint="false" ParagraphBorderOn="false" ParagraphBorderGapTint="-1" ParagraphBorderGapOverprint="false" Tsume="0" LeadingAki="-1" TrailingAki="-1" KinsokuType="KinsokuPushInFirst" KinsokuHangType="None" BunriKinshi="true" RubyOpenTypePro="true" RubyFontSize="-1" RubyAlignment="RubyJIS" RubyType="PerCharacterRuby" RubyParentSpacing="RubyParent121Aki" RubyXScale="100" RubyYScale="100" RubyXOffset="0" RubyYOffset="0" RubyPosition="AboveRight" RubyAutoAlign="true" RubyParentOverhangAmount="RubyOverhangOneRuby" RubyOverhang="false" RubyAutoScaling="false" RubyParentScalingPercent="66" RubyTint="-1" RubyOverprintFill="Auto" RubyStrokeTint="-1" RubyOverprintStroke="Auto" RubyWeight="-1" KentenKind="None" KentenFontSize="-1" KentenXScale="100" KentenYScale="100" KentenPlacement="0" KentenAlignment="AlignKentenCenter" KentenPosition="AboveRight" KentenCustomCharacter="" KentenCharacterSet="CharacterInput" KentenTint="-1" KentenOverprintFill="Auto" KentenStrokeTint="-1" KentenOverprintStroke="Auto" KentenWeight="-1" Tatechuyoko="false" TatechuyokoXOffset="0" TatechuyokoYOffset="0" AutoTcy="0" AutoTcyIncludeRoman="false" Jidori="0" GridGyoudori="0" GridAlignFirstLineOnly="false" GridAlignment="None" CharacterRotation="0" RotateSingleByteCharacters="false" Rensuuji="true" ShataiMagnification="0" ShataiDegreeAngle="4500" ShataiAdjustTsume="true" ShataiAdjustRotation="false" Warichu="false" WarichuLines="2" WarichuSize="50" WarichuLineSpacing="0" WarichuAlignment="Auto" WarichuCharsBeforeBreak="2" WarichuCharsAfterBreak="2" OTFHVKana="false" OTFProportionalMetrics="false" OTFRomanItalics="false" LeadingModel="LeadingModelAkiBelow" ScaleAffectsLineHeight="false" ParagraphGyoudori="false" CjkGridTracking="false" GlyphForm="None" RubyAutoTcyDigits="0" RubyAutoTcyIncludeRoman="false" RubyAutoTcyAutoScale="true" TreatIdeographicSpaceAsSpace="true" AllowArbitraryHyphenation="false" BulletsAndNumberingListType="NoList" NumberingStartAt="1" NumberingLevel="1" NumberingContinue="true" NumberingApplyRestartPolicy="true" BulletsAlignment="LeftAlign" NumberingAlignment="LeftAlign" NumberingExpression="^#.^t" BulletsTextAfter="^t" ParagraphBorderLeftOffset="0" ParagraphBorderRightOffset="0" ParagraphBorderTopOffset="0" ParagraphBorderBottomOffset="0" ParagraphBorderStrokeEndJoin="MiterEndJoin" ParagraphBorderTopLeftCornerOption="None" ParagraphBorderTopRightCornerOption="None" ParagraphBorderBottomLeftCornerOption="None" ParagraphBorderBottomRightCornerOption="None" ParagraphBorderTopLeftCornerRadius="1" ParagraphBorderTopRightCornerRadius="1" ParagraphBorderBottomLeftCornerRadius="1" ParagraphBorderBottomRightCornerRadius="1" ParagraphShadingTopLeftCornerOption="None" ParagraphShadingTopRightCornerOption="None" ParagraphShadingBottomLeftCornerOption="None" ParagraphShadingBottomRightCornerOption="None" ParagraphShadingTopLeftCornerRadius="1" ParagraphShadingTopRightCornerRadius="1" ParagraphShadingBottomLeftCornerRadius="1" ParagraphShadingBottomRightCornerRadius="1" ParagraphBorderStrokeEndCap="ButtEndCap" ParagraphBorderWidth="ColumnWidth" ParagraphBorderTopOrigin="AscentTopOrigin" ParagraphBorderBottomOrigin="DescentBottomOrigin" ParagraphBorderTopLineWeight="1" ParagraphBorderBottomLineWeight="1" ParagraphBorderLeftLineWeight="1" ParagraphBorderRightLineWeight="1" ParagraphBorderDisplayIfSplits="false" MergeConsecutiveParaBorders="true" ProviderHyphenationStyle="HyphAll" DigitsType="DefaultDigits" Kashidas="DefaultKashidas" DiacriticPosition="OpentypePositionFromBaseline" CharacterDirection="DefaultDirection" ParagraphDirection="LeftToRightDirection" ParagraphJustification="DefaultJustification" ParagraphKashidaWidth="2" XOffsetDiacritic="0" YOffsetDiacritic="0" OTFOverlapSwash="false" OTFStylisticAlternate="false" OTFJustificationAlternate="false" OTFStretchedAlternate="false" KeyboardDirection="DefaultDirection">
			<Properties>
				<Leading type="enumeration">Auto</Leading>
				<TabList type="list">
				</TabList>
				<AppliedFont type="string">Minion Pro</AppliedFont>
				<RuleAboveColor type="string">Text Color</RuleAboveColor>
				<RuleBelowColor type="string">Text Color</RuleBelowColor>
				<RuleAboveType type="object">StrokeStyle/$ID/Solid</RuleAboveType>
				<RuleBelowType type="object">StrokeStyle/$ID/Solid</RuleBelowType>
				<BalanceRaggedLines type="enumeration">NoBalancing</BalanceRaggedLines>
				<RuleAboveGapColor type="object">Swatch/None</RuleAboveGapColor>
				<RuleBelowGapColor type="object">Swatch/None</RuleBelowGapColor>
				<UnderlineColor type="string">Text Color</UnderlineColor>
				<UnderlineGapColor type="object">Swatch/None</UnderlineGapColor>
				<UnderlineType type="object">StrokeStyle/$ID/Solid</UnderlineType>
				<StrikeThroughColor type="string">Text Color</StrikeThroughColor>
				<StrikeThroughGapColor type="object">Swatch/None</StrikeThroughGapColor>
				<StrikeThroughType type="object">StrokeStyle/$ID/Solid</StrikeThroughType>
				<SpanSplitColumnCount type="enumeration">All</SpanSplitColumnCount>
				<ParagraphShadingColor type="object">Color/Black</ParagraphShadingColor>
				<ParagraphBorderColor type="object">Color/Black</ParagraphBorderColor>
				<ParagraphBorderGapColor type="object">Swatch/None</ParagraphBorderGapColor>
				<ParagraphBorderType type="object">StrokeStyle/$ID/Solid</ParagraphBorderType>
				<Mojikumi type="enumeration">Nothing</Mojikumi>
				<KinsokuSet type="enumeration">Nothing</KinsokuSet>
				<RubyFont type="string">$ID/</RubyFont>
				<RubyFontStyle type="enumeration">Nothing</RubyFontStyle>
				<RubyFill type="string">Text Color</RubyFill>
				<RubyStroke type="string">Text Color</RubyStroke>
				<KentenFont type="string">$ID/</KentenFont>
				<KentenFontStyle type="enumeration">Nothing</KentenFontStyle>
				<KentenFillColor type="string">Text Color</KentenFillColor>
				<KentenStrokeColor type="string">Text Color</KentenStrokeColor>
				<BulletChar BulletCharacterType="UnicodeOnly" BulletCharacterValue="8226" />
				<NumberingFormat type="string">1, 2, 3, 4...</NumberingFormat>
				<BulletsFont type="string">$ID/</BulletsFont>
				<BulletsFontStyle type="enumeration">Nothing</BulletsFontStyle>
				<AppliedNumberingList type="object">NumberingList/$ID/[Default]</AppliedNumberingList>
				<NumberingRestartPolicies RestartPolicy="AnyPreviousLevel" LowerLevel="0" UpperLevel="0" />
				<BulletsCharacterStyle type="object">CharacterStyle/$ID/[No character style]</BulletsCharacterStyle>
				<NumberingCharacterStyle type="object">CharacterStyle/$ID/[No character style]</NumberingCharacterStyle>
				<SameParaStyleSpacing type="enumeration">SetIgnore</SameParaStyleSpacing>
			</Properties>
		</ParagraphStyle>
		<ParagraphStyle Self="ParagraphStyle/$ID/NormalParagraphStyle" Name="$ID/NormalParagraphStyle" Imported="false" NextStyle="ParagraphStyle/$ID/NormalParagraphStyle" SplitDocument="false" EmitCss="true" StyleUniqueId="59a752ff-e61b-4f8a-94c6-a7a0d6d07ba6" IncludeClass="true" ExtendedKeyboardShortcut="0 0 0" EmptyNestedStyles="true" EmptyLineStyles="true" EmptyGrepStyles="true" KeyboardShortcut="0 0">
			<Properties>
				<BasedOn type="string">$ID/[No paragraph style]</BasedOn>
				<PreviewColor type="enumeration">Nothing</PreviewColor>
			</Properties>
		</ParagraphStyle>
		<ParagraphStyle Self="ParagraphStyle/Intro yellow double space" Name="Intro yellow double space" Imported="false" NextStyle="ParagraphStyle/Intro yellow double space" SplitDocument="false" EmitCss="true" StyleUniqueId="b04bf37f-c10c-4939-b445-bda8eb6ea28a" IncludeClass="true" ExtendedKeyboardShortcut="0 0 0" EmptyNestedStyles="true" EmptyLineStyles="true" EmptyGrepStyles="true" KeyboardShortcut="0 0" FillColor="Color/LIBER CMYK Yellow" PointSize="14" Hyphenation="false" GridAlignment="AlignBaseline">
			<Properties>
				<BasedOn type="string">$ID/[No paragraph style]</BasedOn>
				<PreviewColor type="enumeration">Nothing</PreviewColor>
				<Leading type="unit">12</Leading>
				<AppliedFont type="string">Crimson Text</AppliedFont>
			</Properties>
		</ParagraphStyle>
		<ParagraphStyle Self="ParagraphStyle/Intro yellow single space" Name="Intro yellow single space" Imported="false" NextStyle="ParagraphStyle/Intro yellow single space" SplitDocument="false" EmitCss="true" StyleUniqueId="339a49b9-7b32-4f05-9466-199a4231a026" IncludeClass="true" ExtendedKeyboardShortcut="0 0 0" EmptyNestedStyles="true" EmptyLineStyles="true" EmptyGrepStyles="true" KeyboardShortcut="0 0" FillColor="Color/LIBER CMYK Yellow" PointSize="12.5" KerningMethod="$ID/Optical" HyphenateLadderLimit="2" AppliedLanguage="$ID/English: USA" Hyphenation="false" HyphenateWordsLongerThan="8" HyphenationZone="34" SpaceAfter="8.503937007874017" OTFFigureStyle="ProportionalOldstyle" DesiredWordSpacing="110.00000000000001" MaximumWordSpacing="180" MinimumWordSpacing="100" MaximumLetterSpacing="5" MinimumLetterSpacing="-1" MaximumGlyphScaling="101" MinimumGlyphScaling="99" KeepLinesTogether="true" FillTint="100" RuleAboveTint="100" RuleBelowTint="100" HyphenateLastWord="false" SingleWordJustification="LeftAlign" HyphenWeight="8" RubyOpenTypePro="false" RubyAutoAlign="false" GridAlignment="AlignBaseline" WarichuAlignment="LeftAlign" TreatIdeographicSpaceAsSpace="false" DiacriticPosition="OpentypePosition">
			<Properties>
				<BasedOn type="string">$ID/[No paragraph style]</BasedOn>
				<PreviewColor type="enumeration">Nothing</PreviewColor>
				<Leading type="unit">11</Leading>
				<TabList type="list">
					<ListItem type="record">
						<Alignment type="enumeration">LeftAlign</Alignment>
						<AlignmentCharacter type="string">.</AlignmentCharacter>
						<Leader type="string"></Leader>
						<Position type="unit">12</Position>
					</ListItem>
				</TabList>
				<AppliedFont type="string">Crimson Text</AppliedFont>
				<RuleAboveColor type="object">Color/Black</RuleAboveColor>
				<RuleBelowColor type="object">Color/Black</RuleBelowColor>
				<RuleAboveGapColor type="string">Text Color</RuleAboveGapColor>
				<RuleBelowGapColor type="string">Text Color</RuleBelowGapColor>
				<UnderlineGapColor type="string">Text Color</UnderlineGapColor>
				<StrikeThroughGapColor type="string">Text Color</StrikeThroughGapColor>
			</Properties>
		</ParagraphStyle>
		<ParagraphStyle Self="ParagraphStyle/LIBER-Text-Plain" Name="LIBER-Text-Plain" Imported="false" NextStyle="ParagraphStyle/LIBER-Text-Plain" SplitDocument="false" EmitCss="true" StyleUniqueId="dfd95d8b-765d-4c5f-a34f-891276975a5b" IncludeClass="true" ExtendedKeyboardShortcut="0 0 0" EmptyNestedStyles="true" EmptyLineStyles="true" EmptyGrepStyles="true" KeyboardShortcut="0 0" FillColor="Color/LIBER CMYK Dark Blue" PointSize="9" Hyphenation="false" OTFContextualAlternate="false" GridAlignment="AlignBaseline" TreatIdeographicSpaceAsSpace="false" DiacriticPosition="OpentypePosition">
			<Properties>
				<BasedOn type="string">$ID/[No paragraph style]</BasedOn>
				<PreviewColor type="enumeration">Nothing</PreviewColor>
				<Leading type="unit">11</Leading>
				<AppliedFont type="string">Lato</AppliedFont>
			</Properties>
		</ParagraphStyle>
		<ParagraphStyle Self="ParagraphStyle/Liber-Text-Bold" Name="Liber-Text-Bold" Imported="false" NextStyle="ParagraphStyle/Liber-Text-Bold" SplitDocument="false" EmitCss="true" StyleUniqueId="ac1e9881-dc8d-4ac3-b43c-70daced38933" IncludeClass="true" ExtendedKeyboardShortcut="0 0 0" EmptyNestedStyles="true" EmptyLineStyles="true" EmptyGrepStyles="true" KeyboardShortcut="0 0" FontStyle="Black">
			<Properties>
				<BasedOn type="object">ParagraphStyle/LIBER-Text-Plain</BasedOn>
				<PreviewColor type="enumeration">Nothing</PreviewColor>
			</Properties>
		</ParagraphStyle>
		<ParagraphStyle Self="ParagraphStyle/First level" Name="First level" Imported="false" NextStyle="ParagraphStyle/First level" SplitDocument="false" EmitCss="true" StyleUniqueId="ea11b4a5-a07b-4853-991c-d27364ca91dc" IncludeClass="true" ExtendedKeyboardShortcut="0 0 0" EmptyNestedStyles="true" EmptyLineStyles="true" EmptyGrepStyles="true" KeyboardShortcut="0 0" FillColor="Color/LIBER CMYK Dark Blue" PointSize="14" Hyphenation="false" OTFContextualAlternate="false" GridAlignment="AlignBaseline" TreatIdeographicSpaceAsSpace="false" DiacriticPosition="OpentypePosition">
			<Properties>
				<BasedOn type="string">$ID/[No paragraph style]</BasedOn>
				<PreviewColor type="enumeration">Nothing</PreviewColor>
				<Leading type="unit">9</Leading>
				<AppliedFont type="string">Crimson Text</AppliedFont>
			</Properties>
		</ParagraphStyle>
		<ParagraphStyle Self="ParagraphStyle/Second level" Name="Second level" Imported="false" NextStyle="ParagraphStyle/Second level" SplitDocument="false" EmitCss="true" StyleUniqueId="488d3233-13d1-4bef-9d59-82ff55b9129e" IncludeClass="true" ExtendedKeyboardShortcut="0 0 0" EmptyNestedStyles="true" EmptyLineStyles="true" EmptyGrepStyles="true" KeyboardShortcut="0 0" FillColor="Color/LIBER CMYK Light Blue" PointSize="11" StrokeWeight="0" Hyphenation="false" StrokeAlignment="CenterAlignment">
			<Properties>
				<BasedOn type="object">ParagraphStyle/LIBER-Text-Plain</BasedOn>
				<PreviewColor type="enumeration">Nothing</PreviewColor>
			</Properties>
		</ParagraphStyle>
		<ParagraphStyle Self="ParagraphStyle/Third level" Name="Third level" Imported="false" NextStyle="ParagraphStyle/Third level" SplitDocument="false" EmitCss="true" StyleUniqueId="8faae3a9-6a0d-4bcb-a2f9-366e3902a4e9" IncludeClass="true" ExtendedKeyboardShortcut="0 0 0" EmptyNestedStyles="true" EmptyLineStyles="true" EmptyGrepStyles="true" KeyboardShortcut="0 0" FillColor="Color/LIBER CMYK Light Blue" FontStyle="Italic">
			<Properties>
				<BasedOn type="object">ParagraphStyle/LIBER-Text-Plain</BasedOn>
				<PreviewColor type="enumeration">Nothing</PreviewColor>
			</Properties>
		</ParagraphStyle>
		<ParagraphStyle Self="ParagraphStyle/LIBER-Chapter-Stroke" Name="LIBER-Chapter-Stroke" Imported="false" NextStyle="ParagraphStyle/LIBER-Chapter-Stroke" SplitDocument="false" EmitCss="true" StyleUniqueId="f795b595-ac53-4d25-90ef-a456ccf74f11" IncludeClass="true" ExtendedKeyboardShortcut="0 0 0" EmptyNestedStyles="true" EmptyLineStyles="true" EmptyGrepStyles="true" KeyboardShortcut="0 0" FillColor="Color/LIBER CMYK Dark Blue" FontStyle="Semibold" PointSize="23" StrokeWeight="0.7752344478726776" Capitalization="AllCaps" HyphenationZone="27.90844012341639" Underline="true" RuleAboveLineWeight="0.7752344478726776" RuleBelowLineWeight="0.7752344478726776" OTFContextualAlternate="false" UnderlineOffset="7" UnderlineWeight="3.281" MiterLimit="3.1009377914907104" SplitColumnInsideGutter="4.651406687236066" TreatIdeographicSpaceAsSpace="false" DiacriticPosition="OpentypePosition">
			<Properties>
				<BasedOn type="string">$ID/[No paragraph style]</BasedOn>
				<PreviewColor type="enumeration">Nothing</PreviewColor>
				<AppliedFont type="string">Crimson Text</AppliedFont>
				<UnderlineColor type="object">Color/LIBER CMYK Yellow</UnderlineColor>
				<UnderlineType type="object">DashedStrokeStyle/LIBER CHAPTER</UnderlineType>
			</Properties>
		</ParagraphStyle>
		<ParagraphStyle Self="ParagraphStyle/LIBER-Text-Bullet" Name="LIBER-Text-Bullet" Imported="false" NextStyle="ParagraphStyle/LIBER-Text-Bullet" SplitDocument="false" EmitCss="true" StyleUniqueId="0121d22e-ea06-4e4f-addb-27923deaff2d" IncludeClass="true" ExtendedKeyboardShortcut="0 0 0" EmptyNestedStyles="true" EmptyLineStyles="true" EmptyGrepStyles="true" KeyboardShortcut="0 0" LeftIndent="8.503937007874017" FirstLineIndent="-7.086614173228347" Justification="LeftAlign" BulletsAndNumberingListType="BulletList" BulletsTextAfter="^&gt;">
			<Properties>
				<BasedOn type="object">ParagraphStyle/LIBER-Text-Plain</BasedOn>
				<PreviewColor type="enumeration">Nothing</PreviewColor>
				<TabList type="list">
					<ListItem type="record">
						<Alignment type="enumeration">LeftAlign</Alignment>
						<AlignmentCharacter type="string">.</AlignmentCharacter>
						<Leader type="string"></Leader>
						<Position type="unit">5.669291338582678</Position>
					</ListItem>
					<ListItem type="record">
						<Alignment type="enumeration">LeftAlign</Alignment>
						<AlignmentCharacter type="string">.</AlignmentCharacter>
						<Leader type="string"></Leader>
						<Position type="unit">9</Position>
					</ListItem>
				</TabList>
				<BalanceRaggedLines type="enumeration">VeeShape</BalanceRaggedLines>
				<BulletChar BulletCharacterType="UnicodeWithFont" BulletCharacterValue="183" />
				<BulletsFont type="string">Lato</BulletsFont>
				<BulletsFontStyle type="string">Regular</BulletsFontStyle>
				<BulletsCharacterStyle type="object">CharacterStyle/LIBER-Bullet-Blue</BulletsCharacterStyle>
			</Properties>
		</ParagraphStyle>
		<ParagraphStyle Self="ParagraphStyle/Header D blue" Name="Header D blue" Imported="false" NextStyle="ParagraphStyle/LIBER-Text-Plain" SplitDocument="false" EmitCss="true" StyleUniqueId="aa3f4b77-f963-485b-b383-a5e00bce25ba" IncludeClass="true" ExtendedKeyboardShortcut="0 0 0" EmptyNestedStyles="true" EmptyLineStyles="true" EmptyGrepStyles="true" KeyboardShortcut="1 86" FontStyle="Roman " PointSize="20" Tracking="10" FirstLineIndent="-28.34645669291339" SpaceBefore="5.669291338582678" KeepWithNext="2">
			<Properties>
				<BasedOn type="object">ParagraphStyle/LIBER-Text-Plain</BasedOn>
				<PreviewColor type="enumeration">Nothing</PreviewColor>
				<TabList type="list">
					<ListItem type="record">
						<Alignment type="enumeration">RightAlign</Alignment>
						<AlignmentCharacter type="string">.</AlignmentCharacter>
						<Leader type="string"></Leader>
						<Position type="unit">19.84251968503937</Position>
					</ListItem>
					<ListItem type="record">
						<Alignment type="enumeration">LeftAlign</Alignment>
						<AlignmentCharacter type="string">.</AlignmentCharacter>
						<Leader type="string"></Leader>
						<Position type="unit">29</Position>
					</ListItem>
				</TabList>
				<AppliedFont type="string">Crimson Text</AppliedFont>
			</Properties>
		</ParagraphStyle>
		<ParagraphStyle Self="ParagraphStyle/LIBER-Headline-Yellow" Name="LIBER-Headline-Yellow" Imported="false" NextStyle="ParagraphStyle/LIBER-Headline-Yellow" SplitDocument="false" EmitCss="true" StyleUniqueId="dbf0efc4-e399-44a8-89b3-2989fc62fd86" IncludeClass="true" ExtendedKeyboardShortcut="0 0 0" EmptyNestedStyles="true" EmptyLineStyles="true" EmptyGrepStyles="true" KeyboardShortcut="0 0" FillColor="Color/LIBER CMYK Yellow" AppliedLanguage="$ID/English: USA" Hyphenation="false" RubyOpenTypePro="false" RubyAutoAlign="false" GridAlignment="AlignBaseline" WarichuAlignment="LeftAlign" ParagraphBorderTopLeftCornerRadius="12" ParagraphBorderTopRightCornerRadius="12" ParagraphBorderBottomLeftCornerRadius="12" ParagraphBorderBottomRightCornerRadius="12" ParagraphShadingTopLeftCornerRadius="12" ParagraphShadingTopRightCornerRadius="12" ParagraphShadingBottomLeftCornerRadius="12" ParagraphShadingBottomRightCornerRadius="12">
			<Properties>
				<BasedOn type="string">$ID/[No paragraph style]</BasedOn>
				<PreviewColor type="enumeration">Nothing</PreviewColor>
				<Leading type="unit">12</Leading>
				<AppliedFont type="string">Crimson Text</AppliedFont>
				<RuleAboveGapColor type="string">Text Color</RuleAboveGapColor>
				<RuleBelowGapColor type="string">Text Color</RuleBelowGapColor>
				<UnderlineGapColor type="string">Text Color</UnderlineGapColor>
				<StrikeThroughGapColor type="string">Text Color</StrikeThroughGapColor>
				<ParagraphBorderGapColor type="object">Swatch/None</ParagraphBorderGapColor>
				<Mojikumi type="enumeration">LineEndAllOneHalfEmEnum</Mojikumi>
				<KinsokuSet type="enumeration">HardKinsoku</KinsokuSet>
			</Properties>
		</ParagraphStyle>
		<ParagraphStyle Self="ParagraphStyle/LIBER-Quote-Phrase" Name="LIBER-Quote-Phrase" Imported="false" NextStyle="ParagraphStyle/LIBER-Quote-Phrase" SplitDocument="false" EmitCss="true" StyleUniqueId="e060e8d9-b936-4164-a162-5fc89284a4a7" IncludeClass="true" ExtendedKeyboardShortcut="0 0 0" EmptyNestedStyles="true" EmptyLineStyles="true" EmptyGrepStyles="true" KeyboardShortcut="0 0" FillColor="Color/LIBER CMYK Dark Blue" FontStyle="Semibold Italic" PointSize="8.8" StrokeWeight="0.6500420238986593" LeftIndent="5.669291338582678" RightIndent="5.669291338582678" Hyphenation="false" HyphenationZone="23.40151286035173" RuleAboveLineWeight="0.6500420238986593" RuleBelowLineWeight="0.6500420238986593" SingleWordJustification="CenterAlign" Justification="CenterAlign" OTFContextualAlternate="false" MiterLimit="2.600168095594637" SplitColumnInsideGutter="3.900252143391956" GridAlignment="AlignBaseline" TreatIdeographicSpaceAsSpace="false" DiacriticPosition="OpentypePosition">
			<Properties>
				<BasedOn type="string">$ID/[No paragraph style]</BasedOn>
				<PreviewColor type="enumeration">Nothing</PreviewColor>
				<Leading type="unit">11</Leading>
				<AppliedFont type="string">Crimson Text</AppliedFont>
			</Properties>
		</ParagraphStyle>
		<ParagraphStyle Self="ParagraphStyle/Footnote" Name="Footnote" Imported="false" NextStyle="ParagraphStyle/Footnote" SplitDocument="false" EmitCss="true" StyleUniqueId="13cebb2c-947c-4d02-9346-9cb335ed0fc3" IncludeClass="true" ExtendedKeyboardShortcut="0 0 0" EmptyNestedStyles="true" EmptyLineStyles="true" EmptyGrepStyles="true" KeyboardShortcut="0 0" FontStyle="Italic" PointSize="7" RubyOpenTypePro="false" RubyAutoAlign="false" WarichuAlignment="LeftAlign">
			<Properties>
				<BasedOn type="object">ParagraphStyle/LIBER-Text-Plain</BasedOn>
				<PreviewColor type="enumeration">Nothing</PreviewColor>
				<TabList type="list">
					<ListItem type="record">
						<Alignment type="enumeration">LeftAlign</Alignment>
						<AlignmentCharacter type="string">.</AlignmentCharacter>
						<Leader type="string"></Leader>
						<Position type="unit">8.503937007874017</Position>
					</ListItem>
				</TabList>
				<UnderlineGapColor type="string">Text Color</UnderlineGapColor>
				<StrikeThroughGapColor type="string">Text Color</StrikeThroughGapColor>
			</Properties>
		</ParagraphStyle>
	</RootParagraphStyleGroup>
	<TOCStyle Self="TOCStyle/$ID/DefaultTOCStyleName" TitleStyle="ParagraphStyle/$ID/[No paragraph style]" Title="Contents" Name="$ID/DefaultTOCStyleName" RunIn="false" IncludeHidden="false" IncludeBookDocuments="false" CreateBookmarks="true" SetStoryDirection="Horizontal" NumberedParagraphs="IncludeFullParagraph" MakeAnchor="false" RemoveForcedLineBreak="false" />
	<RootCellStyleGroup Self="u78">
		<CellStyle Self="CellStyle/$ID/[None]" AppliedParagraphStyle="ParagraphStyle/$ID/[No paragraph style]" Name="$ID/[None]" />
	</RootCellStyleGroup>
	<RootTableStyleGroup Self="u7a">
		<TableStyle Self="TableStyle/$ID/[No table style]" GraphicLeftInset="0" GraphicTopInset="0" GraphicRightInset="0" GraphicBottomInset="0" ClipContentToGraphicCell="false" TextTopInset="4" TextLeftInset="4" TextBottomInset="4" TextRightInset="4" ClipContentToTextCell="false" Name="$ID/[No table style]" StrokeOrder="BestJoins" TopBorderStrokeWeight="1" TopBorderStrokeType="StrokeStyle/$ID/Solid" TopBorderStrokeColor="Color/Black" TopBorderStrokeTint="100" TopBorderStrokeOverprint="false" TopBorderStrokeGapColor="Color/Paper" TopBorderStrokeGapTint="100" TopBorderStrokeGapOverprint="false" LeftBorderStrokeWeight="1" LeftBorderStrokeType="StrokeStyle/$ID/Solid" LeftBorderStrokeColor="Color/Black" LeftBorderStrokeTint="100" LeftBorderStrokeOverprint="false" LeftBorderStrokeGapColor="Color/Paper" LeftBorderStrokeGapTint="100" LeftBorderStrokeGapOverprint="false" BottomBorderStrokeWeight="1" BottomBorderStrokeType="StrokeStyle/$ID/Solid" BottomBorderStrokeColor="Color/Black" BottomBorderStrokeTint="100" BottomBorderStrokeOverprint="false" BottomBorderStrokeGapColor="Color/Paper" BottomBorderStrokeGapTint="100" BottomBorderStrokeGapOverprint="false" RightBorderStrokeWeight="1" RightBorderStrokeType="StrokeStyle/$ID/Solid" RightBorderStrokeColor="Color/Black" RightBorderStrokeTint="100" RightBorderStrokeOverprint="false" RightBorderStrokeGapColor="Color/Paper" RightBorderStrokeGapTint="100" RightBorderStrokeGapOverprint="false" SpaceBefore="4" SpaceAfter="-4" SkipFirstAlternatingStrokeRows="0" SkipLastAlternatingStrokeRows="0" StartRowStrokeCount="0" StartRowStrokeColor="Color/Black" StartRowStrokeWeight="1" StartRowStrokeType="StrokeStyle/$ID/Solid" StartRowStrokeTint="100" StartRowStrokeGapOverprint="false" StartRowStrokeGapColor="Color/Paper" StartRowStrokeGapTint="100" StartRowStrokeOverprint="false" EndRowStrokeCount="0" EndRowStrokeColor="Color/Black" EndRowStrokeWeight="0.25" EndRowStrokeType="StrokeStyle/$ID/Solid" EndRowStrokeTint="100" EndRowStrokeOverprint="false" EndRowStrokeGapColor="Color/Paper" EndRowStrokeGapTint="100" EndRowStrokeGapOverprint="false" SkipFirstAlternatingStrokeColumns="0" SkipLastAlternatingStrokeColumns="0" StartColumnStrokeCount="0" StartColumnStrokeColor="Color/Black" StartColumnStrokeWeight="1" StartColumnStrokeType="StrokeStyle/$ID/Solid" StartColumnStrokeTint="100" StartColumnStrokeOverprint="false" StartColumnStrokeGapColor="Color/Paper" StartColumnStrokeGapTint="100" StartColumnStrokeGapOverprint="false" EndColumnStrokeCount="0" EndColumnStrokeColor="Color/Black" EndColumnStrokeWeight="0.25" EndColumnLineStyle="StrokeStyle/$ID/Solid" EndColumnStrokeTint="100" EndColumnStrokeOverprint="false" EndColumnStrokeGapColor="Color/Paper" EndColumnStrokeGapTint="100" EndColumnStrokeGapOverprint="false" ColumnFillsPriority="false" SkipFirstAlternatingFillRows="0" SkipLastAlternatingFillRows="0" StartRowFillColor="Color/Black" StartRowFillCount="0" StartRowFillTint="20" StartRowFillOverprint="false" EndRowFillCount="0" EndRowFillColor="Swatch/None" EndRowFillTint="100" EndRowFillOverprint="false" SkipFirstAlternatingFillColumns="0" SkipLastAlternatingFillColumns="0" StartColumnFillCount="0" StartColumnFillColor="Color/Black" StartColumnFillTint="20" StartColumnFillOverprint="false" EndColumnFillCount="0" EndColumnFillColor="Swatch/None" EndColumnFillTint="100" EndColumnFillOverprint="false" HeaderRegionSameAsBodyRegion="true" FooterRegionSameAsBodyRegion="true" LeftColumnRegionSameAsBodyRegion="true" RightColumnRegionSameAsBodyRegion="true" HeaderRegionCellStyle="n" FooterRegionCellStyle="n" LeftColumnRegionCellStyle="n" RightColumnRegionCellStyle="n" BodyRegionCellStyle="CellStyle/$ID/[None]" />
		<TableStyle Self="TableStyle/$ID/[Basic Table]" ExtendedKeyboardShortcut="0 0 0" Name="$ID/[Basic Table]" KeyboardShortcut="0 0">
			<Properties>
				<BasedOn type="string">$ID/[No table style]</BasedOn>
			</Properties>
		</TableStyle>
	</RootTableStyleGroup>
	<RootObjectStyleGroup Self="u83">
		<ObjectStyle Self="ObjectStyle/$ID/[None]" TopLeftCornerOption="None" TopRightCornerOption="None" BottomLeftCornerOption="None" BottomRightCornerOption="None" TopLeftCornerRadius="12" TopRightCornerRadius="12" BottomLeftCornerRadius="12" BottomRightCornerRadius="12" EmitCss="true" IncludeClass="true" Name="$ID/[None]" AppliedParagraphStyle="ParagraphStyle/$ID/[No paragraph style]" CornerRadius="12" FillColor="Swatch/None" FillTint="-1" StrokeWeight="0" MiterLimit="4" EndCap="ButtEndCap" EndJoin="MiterEndJoin" StrokeType="StrokeStyle/$ID/Solid" LeftLineEnd="None" RightLineEnd="None" StrokeColor="Swatch/None" StrokeTint="-1" GapColor="Swatch/None" GapTint="-1" StrokeAlignment="CenterAlignment" Nonprinting="false" GradientFillAngle="0" GradientStrokeAngle="0" AppliedNamedGrid="n" CornerOption="None" ArrowHeadAlignment="InsidePath" LeftArrowHeadScale="100" RightArrowHeadScale="100">
			<TransformAttributeOption TransformAttrLeftReference="PageEdgeReference" TransformAttrTopReference="PageEdgeReference" TransformAttrRefAnchorPoint="TopLeftAnchor" />
			<ObjectExportOption AltTextSourceType="SourceXMLStructure" ActualTextSourceType="SourceXMLStructure" CustomAltText="$ID/" CustomActualText="$ID/" ApplyTagType="TagFromStructure" ImageConversionType="JPEG" ImageExportResolution="Ppi300" GIFOptionsPalette="AdaptivePalette" GIFOptionsInterlaced="true" JPEGOptionsQuality="High" JPEGOptionsFormat="BaselineEncoding" ImageAlignment="AlignLeft" ImageSpaceBefore="0" ImageSpaceAfter="0" UseImagePageBreak="false" ImagePageBreak="PageBreakBefore" CustomImageAlignment="false" SpaceUnit="CssPixel" CustomLayout="false" CustomLayoutType="AlignmentAndSpacing" EpubType="$ID/" SizeType="DefaultSize" CustomSize="$ID/" PreserveAppearanceFromLayout="PreserveAppearanceDefault">
				<Properties>
					<AltMetadataProperty NamespacePrefix="$ID/" PropertyPath="$ID/" />
					<ActualMetadataProperty NamespacePrefix="$ID/" PropertyPath="$ID/" />
				</Properties>
			</ObjectExportOption>
			<TextFramePreference FootnotesEnableOverrides="false" FootnotesSpanAcrossColumns="false" FootnotesMinimumSpacing="12" FootnotesSpaceBetween="6" TextColumnCount="1" TextColumnGutter="12" TextColumnFixedWidth="144" UseFixedColumnWidth="false" FirstBaselineOffset="AscentOffset" MinimumFirstBaselineOffset="0" VerticalJustification="TopAlign" VerticalThreshold="0" IgnoreWrap="false" VerticalBalanceColumns="false" UseFlexibleColumnWidth="false" TextColumnMaxWidth="0" AutoSizingType="Off" AutoSizingReferencePoint="CenterPoint" UseMinimumHeightForAutoSizing="false" MinimumHeightForAutoSizing="0" UseMinimumWidthForAutoSizing="false" MinimumWidthForAutoSizing="0" UseNoLineBreaksForAutoSizing="false" ColumnRuleOverride="false" ColumnRuleOffset="0" ColumnRuleTopInset="0" ColumnRuleInsetChainOverride="true" ColumnRuleBottomInset="0" ColumnRuleStrokeWidth="0" ColumnRuleStrokeColor="n" ColumnRuleStrokeType="StrokeStyle/$ID/Solid" ColumnRuleStrokeTint="100" ColumnRuleOverprintOverride="false">
				<Properties>
					<InsetSpacing type="list">
						<ListItem type="unit">0</ListItem>
						<ListItem type="unit">0</ListItem>
						<ListItem type="unit">0</ListItem>
						<ListItem type="unit">0</ListItem>
					</InsetSpacing>
				</Properties>
			</TextFramePreference>
			<BaselineFrameGridOption UseCustomBaselineFrameGrid="false" StartingOffsetForBaselineFrameGrid="0" BaselineFrameGridRelativeOption="TopOfInset" BaselineFrameGridIncrement="12">
				<Properties>
					<BaselineFrameGridColor type="enumeration">LightBlue</BaselineFrameGridColor>
				</Properties>
			</BaselineFrameGridOption>
			<AnchoredObjectSetting AnchoredPosition="InlinePosition" SpineRelative="false" LockPosition="false" PinPosition="true" AnchorPoint="BottomRightAnchor" HorizontalAlignment="LeftAlign" HorizontalReferencePoint="TextFrame" VerticalAlignment="BottomAlign" VerticalReferencePoint="LineBaseline" AnchorXoffset="0" AnchorYoffset="0" AnchorSpaceAbove="0" />
			<TextWrapPreference Inverse="false" ApplyToMasterPageOnly="false" TextWrapSide="BothSides" TextWrapMode="None">
				<Properties>
					<TextWrapOffset Top="0" Left="0" Bottom="0" Right="0" />
				</Properties>
				<ContourOption ContourType="SameAsClipping" IncludeInsideEdges="false" ContourPathName="$ID/" />
			</TextWrapPreference>
			<StoryPreference OpticalMarginAlignment="false" OpticalMarginSize="12" FrameType="TextFrameType" StoryOrientation="Horizontal" StoryDirection="LeftToRightDirection" />
			<FrameFittingOption AutoFit="false" LeftCrop="0" TopCrop="0" RightCrop="0" BottomCrop="0" FittingOnEmptyFrame="None" FittingAlignment="CenterAnchor" />
			<TextFrameFootnoteOptionsObject EnableOverrides="false" SpanFootnotesAcross="false" MinimumSpacingOption="12" SpaceBetweenFootnotes="6" />
		</ObjectStyle>
		<ObjectStyle Self="ObjectStyle/$ID/[Normal Graphics Frame]" EnableTransformAttributes="false" TopLeftCornerOption="None" TopRightCornerOption="None" BottomLeftCornerOption="None" BottomRightCornerOption="None" TopLeftCornerRadius="12" TopRightCornerRadius="12" BottomLeftCornerRadius="12" BottomRightCornerRadius="12" EmitCss="true" IncludeClass="true" EnableTextFrameAutoSizingOptions="false" ExtendedKeyboardShortcut="0 0 0" EnableTextFrameColumnRuleOptions="false" EnableExportTagging="false" EnableObjectExportAltTextOptions="false" EnableObjectExportTaggedPdfOptions="false" EnableObjectExportEpubOptions="false" Name="$ID/[Normal Graphics Frame]" AppliedParagraphStyle="ParagraphStyle/$ID/[No paragraph style]" ApplyNextParagraphStyle="false" EnableFill="true" EnableStroke="true" EnableParagraphStyle="false" EnableTextFrameGeneralOptions="false" EnableTextFrameBaselineOptions="false" EnableStoryOptions="false" EnableTextWrapAndOthers="false" EnableAnchoredObjectOptions="false" CornerRadius="12" FillColor="Swatch/None" FillTint="-1" StrokeWeight="1" MiterLimit="4" EndCap="ButtEndCap" EndJoin="MiterEndJoin" StrokeType="StrokeStyle/$ID/Solid" LeftLineEnd="None" RightLineEnd="None" StrokeColor="Color/Black" StrokeTint="-1" OverprintStroke="false" GapColor="Swatch/None" GapTint="-1" StrokeAlignment="CenterAlignment" Nonprinting="false" GradientFillAngle="0" GradientStrokeAngle="0" AppliedNamedGrid="n" KeyboardShortcut="0 0" EnableFrameFittingOptions="false" CornerOption="None" EnableStrokeAndCornerOptions="true" ArrowHeadAlignment="InsidePath" LeftArrowHeadScale="100" RightArrowHeadScale="100" EnableTextFrameFootnoteOptions="false">
			<Properties>
				<BasedOn type="string">$ID/[None]</BasedOn>
			</Properties>
			<TransformAttributeOption TransformAttrLeftReference="PageEdgeReference" TransformAttrTopReference="PageEdgeReference" TransformAttrRefAnchorPoint="TopLeftAnchor" />
			<ObjectExportOption AltTextSourceType="SourceXMLStructure" ActualTextSourceType="SourceXMLStructure" CustomAltText="$ID/" CustomActualText="$ID/" ApplyTagType="TagFromStructure" ImageConversionType="JPEG" ImageExportResolution="Ppi300" GIFOptionsPalette="AdaptivePalette" GIFOptionsInterlaced="true" JPEGOptionsQuality="High" JPEGOptionsFormat="BaselineEncoding" ImageAlignment="AlignLeft" ImageSpaceBefore="0" ImageSpaceAfter="0" UseImagePageBreak="false" ImagePageBreak="PageBreakBefore" CustomImageAlignment="false" SpaceUnit="CssPixel" CustomLayout="false" CustomLayoutType="AlignmentAndSpacing" EpubType="$ID/" SizeType="DefaultSize" CustomSize="$ID/" PreserveAppearanceFromLayout="PreserveAppearanceDefault">
				<Properties>
					<AltMetadataProperty NamespacePrefix="$ID/" PropertyPath="$ID/" />
					<ActualMetadataProperty NamespacePrefix="$ID/" PropertyPath="$ID/" />
				</Properties>
			</ObjectExportOption>
			<TextFramePreference FootnotesEnableOverrides="false" FootnotesSpanAcrossColumns="false" FootnotesMinimumSpacing="12" FootnotesSpaceBetween="6" TextColumnCount="1" TextColumnGutter="12" TextColumnFixedWidth="144" UseFixedColumnWidth="false" FirstBaselineOffset="AscentOffset" MinimumFirstBaselineOffset="0" VerticalJustification="TopAlign" VerticalThreshold="0" IgnoreWrap="false" VerticalBalanceColumns="false" UseFlexibleColumnWidth="false" TextColumnMaxWidth="0" AutoSizingType="Off" AutoSizingReferencePoint="CenterPoint" UseMinimumHeightForAutoSizing="false" MinimumHeightForAutoSizing="0" UseMinimumWidthForAutoSizing="false" MinimumWidthForAutoSizing="0" UseNoLineBreaksForAutoSizing="false" ColumnRuleOverride="false" ColumnRuleOffset="0" ColumnRuleTopInset="0" ColumnRuleInsetChainOverride="true" ColumnRuleBottomInset="0" ColumnRuleStrokeWidth="0" ColumnRuleStrokeColor="n" ColumnRuleStrokeType="StrokeStyle/$ID/Solid" ColumnRuleStrokeTint="100" ColumnRuleOverprintOverride="false">
				<Properties>
					<InsetSpacing type="list">
						<ListItem type="unit">0</ListItem>
						<ListItem type="unit">0</ListItem>
						<ListItem type="unit">0</ListItem>
						<ListItem type="unit">0</ListItem>
					</InsetSpacing>
				</Properties>
			</TextFramePreference>
			<BaselineFrameGridOption UseCustomBaselineFrameGrid="false" StartingOffsetForBaselineFrameGrid="0" BaselineFrameGridRelativeOption="TopOfInset" BaselineFrameGridIncrement="12">
				<Properties>
					<BaselineFrameGridColor type="enumeration">LightBlue</BaselineFrameGridColor>
				</Properties>
			</BaselineFrameGridOption>
			<AnchoredObjectSetting AnchoredPosition="InlinePosition" SpineRelative="false" LockPosition="false" PinPosition="true" AnchorPoint="BottomRightAnchor" HorizontalAlignment="LeftAlign" HorizontalReferencePoint="TextFrame" VerticalAlignment="BottomAlign" VerticalReferencePoint="LineBaseline" AnchorXoffset="0" AnchorYoffset="0" AnchorSpaceAbove="0" />
			<TextWrapPreference Inverse="false" ApplyToMasterPageOnly="false" TextWrapSide="BothSides" TextWrapMode="None">
				<Properties>
					<TextWrapOffset Top="0" Left="0" Bottom="0" Right="0" />
				</Properties>
				<ContourOption ContourType="SameAsClipping" IncludeInsideEdges="false" ContourPathName="$ID/" />
			</TextWrapPreference>
			<StoryPreference OpticalMarginAlignment="false" OpticalMarginSize="12" FrameType="Unknown" StoryOrientation="Unknown" StoryDirection="UnknownDirection" />
			<FrameFittingOption AutoFit="false" LeftCrop="0" TopCrop="0" RightCrop="0" BottomCrop="0" FittingOnEmptyFrame="None" FittingAlignment="CenterAnchor" />
			<ObjectStyleObjectEffectsCategorySettings EnableTransparency="true" EnableDropShadow="true" EnableFeather="true" EnableInnerShadow="true" EnableOuterGlow="true" EnableInnerGlow="true" EnableBevelEmboss="true" EnableSatin="true" EnableDirectionalFeather="true" EnableGradientFeather="true" />
			<ObjectStyleStrokeEffectsCategorySettings EnableTransparency="true" EnableDropShadow="true" EnableFeather="true" EnableInnerShadow="true" EnableOuterGlow="true" EnableInnerGlow="true" EnableBevelEmboss="true" EnableSatin="true" EnableDirectionalFeather="true" EnableGradientFeather="true" />
			<ObjectStyleFillEffectsCategorySettings EnableTransparency="true" EnableDropShadow="true" EnableFeather="true" EnableInnerShadow="true" EnableOuterGlow="true" EnableInnerGlow="true" EnableBevelEmboss="true" EnableSatin="true" EnableDirectionalFeather="true" EnableGradientFeather="true" />
			<ObjectStyleContentEffectsCategorySettings EnableTransparency="true" EnableDropShadow="true" EnableFeather="true" EnableInnerShadow="true" EnableOuterGlow="true" EnableInnerGlow="true" EnableBevelEmboss="true" EnableSatin="true" EnableDirectionalFeather="true" EnableGradientFeather="true" />
			<TextFrameFootnoteOptionsObject EnableOverrides="false" SpanFootnotesAcross="false" MinimumSpacingOption="12" SpaceBetweenFootnotes="6" />
		</ObjectStyle>
		<ObjectStyle Self="ObjectStyle/$ID/[Normal Text Frame]" EnableTransformAttributes="false" TopLeftCornerOption="None" TopRightCornerOption="None" BottomLeftCornerOption="None" BottomRightCornerOption="None" TopLeftCornerRadius="12" TopRightCornerRadius="12" BottomLeftCornerRadius="12" BottomRightCornerRadius="12" EmitCss="true" IncludeClass="true" EnableTextFrameAutoSizingOptions="true" ExtendedKeyboardShortcut="0 0 0" EnableTextFrameColumnRuleOptions="false" EnableExportTagging="false" EnableObjectExportAltTextOptions="false" EnableObjectExportTaggedPdfOptions="false" EnableObjectExportEpubOptions="false" Name="$ID/[Normal Text Frame]" AppliedParagraphStyle="ParagraphStyle/$ID/NormalParagraphStyle" ApplyNextParagraphStyle="false" EnableFill="true" EnableStroke="true" EnableParagraphStyle="false" EnableTextFrameGeneralOptions="true" EnableTextFrameBaselineOptions="true" EnableStoryOptions="false" EnableTextWrapAndOthers="false" EnableAnchoredObjectOptions="false" CornerRadius="12" FillColor="Swatch/None" FillTint="-1" StrokeWeight="0" MiterLimit="4" EndCap="ButtEndCap" EndJoin="MiterEndJoin" StrokeType="StrokeStyle/$ID/Solid" LeftLineEnd="None" RightLineEnd="None" StrokeColor="Swatch/None" StrokeTint="-1" GapColor="Swatch/None" GapTint="-1" StrokeAlignment="CenterAlignment" Nonprinting="false" GradientFillAngle="0" GradientStrokeAngle="0" AppliedNamedGrid="n" KeyboardShortcut="0 0" EnableFrameFittingOptions="false" CornerOption="None" EnableStrokeAndCornerOptions="true" ArrowHeadAlignment="InsidePath" LeftArrowHeadScale="100" RightArrowHeadScale="100" EnableTextFrameFootnoteOptions="true">
			<Properties>
				<BasedOn type="string">$ID/[None]</BasedOn>
			</Properties>
			<TransformAttributeOption TransformAttrLeftReference="PageEdgeReference" TransformAttrTopReference="PageEdgeReference" TransformAttrRefAnchorPoint="TopLeftAnchor" />
			<ObjectExportOption AltTextSourceType="SourceXMLStructure" ActualTextSourceType="SourceXMLStructure" CustomAltText="$ID/" CustomActualText="$ID/" ApplyTagType="TagFromStructure" ImageConversionType="JPEG" ImageExportResolution="Ppi300" GIFOptionsPalette="AdaptivePalette" GIFOptionsInterlaced="true" JPEGOptionsQuality="High" JPEGOptionsFormat="BaselineEncoding" ImageAlignment="AlignLeft" ImageSpaceBefore="0" ImageSpaceAfter="0" UseImagePageBreak="false" ImagePageBreak="PageBreakBefore" CustomImageAlignment="false" SpaceUnit="CssPixel" CustomLayout="false" CustomLayoutType="AlignmentAndSpacing" EpubType="$ID/" SizeType="DefaultSize" CustomSize="$ID/" PreserveAppearanceFromLayout="PreserveAppearanceDefault">
				<Properties>
					<AltMetadataProperty NamespacePrefix="$ID/" PropertyPath="$ID/" />
					<ActualMetadataProperty NamespacePrefix="$ID/" PropertyPath="$ID/" />
				</Properties>
			</ObjectExportOption>
			<TextFramePreference FootnotesEnableOverrides="false" FootnotesSpanAcrossColumns="false" FootnotesMinimumSpacing="12" FootnotesSpaceBetween="6" TextColumnCount="1" TextColumnGutter="12" TextColumnFixedWidth="144" UseFixedColumnWidth="false" FirstBaselineOffset="AscentOffset" MinimumFirstBaselineOffset="0" VerticalJustification="TopAlign" VerticalThreshold="0" IgnoreWrap="false" VerticalBalanceColumns="false" UseFlexibleColumnWidth="false" TextColumnMaxWidth="0" AutoSizingType="Off" AutoSizingReferencePoint="CenterPoint" UseMinimumHeightForAutoSizing="false" MinimumHeightForAutoSizing="0" UseMinimumWidthForAutoSizing="false" MinimumWidthForAutoSizing="0" UseNoLineBreaksForAutoSizing="false" ColumnRuleOverride="false" ColumnRuleOffset="0" ColumnRuleTopInset="0" ColumnRuleInsetChainOverride="true" ColumnRuleBottomInset="0" ColumnRuleStrokeWidth="0" ColumnRuleStrokeColor="n" ColumnRuleStrokeType="StrokeStyle/$ID/Solid" ColumnRuleStrokeTint="100" ColumnRuleOverprintOverride="false">
				<Properties>
					<InsetSpacing type="list">
						<ListItem type="unit">0</ListItem>
						<ListItem type="unit">0</ListItem>
						<ListItem type="unit">0</ListItem>
						<ListItem type="unit">0</ListItem>
					</InsetSpacing>
				</Properties>
			</TextFramePreference>
			<BaselineFrameGridOption UseCustomBaselineFrameGrid="false" StartingOffsetForBaselineFrameGrid="0" BaselineFrameGridRelativeOption="TopOfInset" BaselineFrameGridIncrement="12">
				<Properties>
					<BaselineFrameGridColor type="enumeration">LightBlue</BaselineFrameGridColor>
				</Properties>
			</BaselineFrameGridOption>
			<AnchoredObjectSetting AnchoredPosition="InlinePosition" SpineRelative="false" LockPosition="false" PinPosition="true" AnchorPoint="BottomRightAnchor" HorizontalAlignment="LeftAlign" HorizontalReferencePoint="TextFrame" VerticalAlignment="BottomAlign" VerticalReferencePoint="LineBaseline" AnchorXoffset="0" AnchorYoffset="0" AnchorSpaceAbove="0" />
			<TextWrapPreference Inverse="false" ApplyToMasterPageOnly="false" TextWrapSide="BothSides" TextWrapMode="None">
				<Properties>
					<TextWrapOffset Top="0" Left="0" Bottom="0" Right="0" />
				</Properties>
				<ContourOption ContourType="SameAsClipping" IncludeInsideEdges="false" ContourPathName="$ID/" />
			</TextWrapPreference>
			<StoryPreference OpticalMarginAlignment="false" OpticalMarginSize="12" FrameType="TextFrameType" StoryOrientation="Unknown" StoryDirection="LeftToRightDirection" />
			<FrameFittingOption AutoFit="false" LeftCrop="0" TopCrop="0" RightCrop="0" BottomCrop="0" FittingOnEmptyFrame="None" FittingAlignment="CenterAnchor" />
			<ObjectStyleObjectEffectsCategorySettings EnableTransparency="true" EnableDropShadow="true" EnableFeather="true" EnableInnerShadow="true" EnableOuterGlow="true" EnableInnerGlow="true" EnableBevelEmboss="true" EnableSatin="true" EnableDirectionalFeather="true" EnableGradientFeather="true" />
			<ObjectStyleStrokeEffectsCategorySettings EnableTransparency="true" EnableDropShadow="true" EnableFeather="true" EnableInnerShadow="true" EnableOuterGlow="true" EnableInnerGlow="true" EnableBevelEmboss="true" EnableSatin="true" EnableDirectionalFeather="true" EnableGradientFeather="true" />
			<ObjectStyleFillEffectsCategorySettings EnableTransparency="true" EnableDropShadow="true" EnableFeather="true" EnableInnerShadow="true" EnableOuterGlow="true" EnableInnerGlow="true" EnableBevelEmboss="true" EnableSatin="true" EnableDirectionalFeather="true" EnableGradientFeather="true" />
			<ObjectStyleContentEffectsCategorySettings EnableTransparency="true" EnableDropShadow="true" EnableFeather="true" EnableInnerShadow="true" EnableOuterGlow="true" EnableInnerGlow="true" EnableBevelEmboss="true" EnableSatin="true" EnableDirectionalFeather="true" EnableGradientFeather="true" />
			<TextFrameFootnoteOptionsObject EnableOverrides="false" SpanFootnotesAcross="false" MinimumSpacingOption="12" SpaceBetweenFootnotes="6" />
		</ObjectStyle>
		<ObjectStyle Self="ObjectStyle/$ID/[Normal Grid]" EnableTransformAttributes="false" TopLeftCornerOption="None" TopRightCornerOption="None" BottomLeftCornerOption="None" BottomRightCornerOption="None" TopLeftCornerRadius="12" TopRightCornerRadius="12" BottomLeftCornerRadius="12" BottomRightCornerRadius="12" EmitCss="true" IncludeClass="true" EnableTextFrameAutoSizingOptions="true" ExtendedKeyboardShortcut="0 0 0" EnableTextFrameColumnRuleOptions="false" EnableExportTagging="false" EnableObjectExportAltTextOptions="false" EnableObjectExportTaggedPdfOptions="false" EnableObjectExportEpubOptions="false" Name="$ID/[Normal Grid]" AppliedParagraphStyle="ParagraphStyle/$ID/NormalParagraphStyle" ApplyNextParagraphStyle="false" EnableFill="true" EnableStroke="true" EnableParagraphStyle="false" EnableTextFrameGeneralOptions="true" EnableTextFrameBaselineOptions="true" EnableStoryOptions="true" EnableTextWrapAndOthers="false" EnableAnchoredObjectOptions="false" CornerRadius="12" FillColor="Swatch/None" FillTint="-1" StrokeWeight="0" MiterLimit="4" EndCap="ButtEndCap" EndJoin="MiterEndJoin" StrokeType="StrokeStyle/$ID/Solid" LeftLineEnd="None" RightLineEnd="None" StrokeColor="Swatch/None" StrokeTint="-1" GapColor="Swatch/None" GapTint="-1" StrokeAlignment="CenterAlignment" Nonprinting="false" GradientFillAngle="0" GradientStrokeAngle="0" AppliedNamedGrid="n" KeyboardShortcut="0 0" EnableFrameFittingOptions="false" CornerOption="None" EnableStrokeAndCornerOptions="true" ArrowHeadAlignment="InsidePath" LeftArrowHeadScale="100" RightArrowHeadScale="100" EnableTextFrameFootnoteOptions="true">
			<Properties>
				<BasedOn type="string">$ID/[None]</BasedOn>
			</Properties>
			<TransformAttributeOption TransformAttrLeftReference="PageEdgeReference" TransformAttrTopReference="PageEdgeReference" TransformAttrRefAnchorPoint="TopLeftAnchor" />
			<ObjectExportOption AltTextSourceType="SourceXMLStructure" ActualTextSourceType="SourceXMLStructure" CustomAltText="$ID/" CustomActualText="$ID/" ApplyTagType="TagFromStructure" ImageConversionType="JPEG" ImageExportResolution="Ppi300" GIFOptionsPalette="AdaptivePalette" GIFOptionsInterlaced="true" JPEGOptionsQuality="High" JPEGOptionsFormat="BaselineEncoding" ImageAlignment="AlignLeft" ImageSpaceBefore="0" ImageSpaceAfter="0" UseImagePageBreak="false" ImagePageBreak="PageBreakBefore" CustomImageAlignment="false" SpaceUnit="CssPixel" CustomLayout="false" CustomLayoutType="AlignmentAndSpacing" EpubType="$ID/" SizeType="DefaultSize" CustomSize="$ID/" PreserveAppearanceFromLayout="PreserveAppearanceDefault">
				<Properties>
					<AltMetadataProperty NamespacePrefix="$ID/" PropertyPath="$ID/" />
					<ActualMetadataProperty NamespacePrefix="$ID/" PropertyPath="$ID/" />
				</Properties>
			</ObjectExportOption>
			<TextFramePreference FootnotesEnableOverrides="false" FootnotesSpanAcrossColumns="false" FootnotesMinimumSpacing="12" FootnotesSpaceBetween="6" TextColumnCount="1" TextColumnGutter="12" TextColumnFixedWidth="144" UseFixedColumnWidth="false" FirstBaselineOffset="AscentOffset" MinimumFirstBaselineOffset="0" VerticalJustification="TopAlign" VerticalThreshold="0" IgnoreWrap="false" VerticalBalanceColumns="false" UseFlexibleColumnWidth="false" TextColumnMaxWidth="0" AutoSizingType="Off" AutoSizingReferencePoint="CenterPoint" UseMinimumHeightForAutoSizing="false" MinimumHeightForAutoSizing="0" UseMinimumWidthForAutoSizing="false" MinimumWidthForAutoSizing="0" UseNoLineBreaksForAutoSizing="false" ColumnRuleOverride="false" ColumnRuleOffset="0" ColumnRuleTopInset="0" ColumnRuleInsetChainOverride="true" ColumnRuleBottomInset="0" ColumnRuleStrokeWidth="0" ColumnRuleStrokeColor="n" ColumnRuleStrokeType="StrokeStyle/$ID/Solid" ColumnRuleStrokeTint="100" ColumnRuleOverprintOverride="false">
				<Properties>
					<InsetSpacing type="list">
						<ListItem type="unit">0</ListItem>
						<ListItem type="unit">0</ListItem>
						<ListItem type="unit">0</ListItem>
						<ListItem type="unit">0</ListItem>
					</InsetSpacing>
				</Properties>
			</TextFramePreference>
			<BaselineFrameGridOption UseCustomBaselineFrameGrid="false" StartingOffsetForBaselineFrameGrid="0" BaselineFrameGridRelativeOption="TopOfInset" BaselineFrameGridIncrement="12">
				<Properties>
					<BaselineFrameGridColor type="enumeration">LightBlue</BaselineFrameGridColor>
				</Properties>
			</BaselineFrameGridOption>
			<AnchoredObjectSetting AnchoredPosition="InlinePosition" SpineRelative="false" LockPosition="false" PinPosition="true" AnchorPoint="BottomRightAnchor" HorizontalAlignment="LeftAlign" HorizontalReferencePoint="TextFrame" VerticalAlignment="BottomAlign" VerticalReferencePoint="LineBaseline" AnchorXoffset="0" AnchorYoffset="0" AnchorSpaceAbove="0" />
			<TextWrapPreference Inverse="false" ApplyToMasterPageOnly="false" TextWrapSide="BothSides" TextWrapMode="None">
				<Properties>
					<TextWrapOffset Top="0" Left="0" Bottom="0" Right="0" />
				</Properties>
				<ContourOption ContourType="SameAsClipping" IncludeInsideEdges="false" ContourPathName="$ID/" />
			</TextWrapPreference>
			<StoryPreference OpticalMarginAlignment="false" OpticalMarginSize="12" FrameType="FrameGridType" StoryOrientation="Unknown" StoryDirection="LeftToRightDirection" />
			<FrameFittingOption AutoFit="false" LeftCrop="0" TopCrop="0" RightCrop="0" BottomCrop="0" FittingOnEmptyFrame="None" FittingAlignment="CenterAnchor" />
			<ObjectStyleObjectEffectsCategorySettings EnableTransparency="true" EnableDropShadow="true" EnableFeather="true" EnableInnerShadow="true" EnableOuterGlow="true" EnableInnerGlow="true" EnableBevelEmboss="true" EnableSatin="true" EnableDirectionalFeather="true" EnableGradientFeather="true" />
			<ObjectStyleStrokeEffectsCategorySettings EnableTransparency="true" EnableDropShadow="true" EnableFeather="true" EnableInnerShadow="true" EnableOuterGlow="true" EnableInnerGlow="true" EnableBevelEmboss="true" EnableSatin="true" EnableDirectionalFeather="true" EnableGradientFeather="true" />
			<ObjectStyleFillEffectsCategorySettings EnableTransparency="true" EnableDropShadow="true" EnableFeather="true" EnableInnerShadow="true" EnableOuterGlow="true" EnableInnerGlow="true" EnableBevelEmboss="true" EnableSatin="true" EnableDirectionalFeather="true" EnableGradientFeather="true" />
			<ObjectStyleContentEffectsCategorySettings EnableTransparency="true" EnableDropShadow="true" EnableFeather="true" EnableInnerShadow="true" EnableOuterGlow="true" EnableInnerGlow="true" EnableBevelEmboss="true" EnableSatin="true" EnableDirectionalFeather="true" EnableGradientFeather="true" />
			<TextFrameFootnoteOptionsObject EnableOverrides="false" SpanFootnotesAcross="false" MinimumSpacingOption="12" SpaceBetweenFootnotes="6" />
		</ObjectStyle>
	</RootObjectStyleGroup>
	<TrapPreset Self="TrapPreset/$ID/k[No Trap Preset]" Name="$ID/k[No Trap Preset]" DefaultTrapWidth="0.25" BlackWidth="0.5" TrapJoin="MiterEndJoin" TrapEnd="MiterTrapEnds" ObjectsToImages="true" ImagesToImages="true" InternalImages="false" OneBitImages="true" ImagePlacement="CenterEdges" StepThreshold="10" BlackColorThreshold="100" BlackDensity="1.6" SlidingTrapThreshold="70" ColorReduction="100" />
	<TrapPreset Self="TrapPreset/$ID/kDefaultTrapStyleName" Name="$ID/kDefaultTrapStyleName" DefaultTrapWidth="0.25" BlackWidth="0.5" TrapJoin="MiterEndJoin" TrapEnd="MiterTrapEnds" ObjectsToImages="true" ImagesToImages="true" InternalImages="false" OneBitImages="true" ImagePlacement="CenterEdges" StepThreshold="10" BlackColorThreshold="100" BlackDensity="1.6" SlidingTrapThreshold="70" ColorReduction="100" />
</idPkg:Styles>