<?xml version="1.0" encoding="UTF-8" standalone="yes"?>
<idPkg:Story xmlns:idPkg="http://ns.adobe.com/AdobeInDesign/idml/1.0/packaging" DOMVersion="16.1">
	<Story Self="u3c9d" UserText="true" IsEndnoteStory="false" AppliedTOCStyle="n" TrackChanges="false" StoryTitle="$ID/" AppliedNamedGrid="n">
		<StoryPreference OpticalMarginAlignment="false" OpticalMarginSize="12" FrameType="TextFrameType" StoryOrientation="Horizontal" StoryDirection="LeftToRightDirection" />
		<InCopyExportOption IncludeGraphicProxies="true" IncludeAllResources="false" />
		<ParagraphStyleRange AppliedParagraphStyle="ParagraphStyle/Header D blue">
			<CharacterStyleRange AppliedCharacterStyle="CharacterStyle/$ID/[No character style]" FontStyle="Regular" PointSize="25">
				<Content>Quick Start Guide</Content>
			</CharacterStyleRange>
			<CharacterStyleRange AppliedCharacterStyle="CharacterStyle/HYPERLINK YELLOW" FontStyle="Regular" PointSize="9">
				<Br />
			</CharacterStyleRange>
		</ParagraphStyleRange>
		<ParagraphStyleRange AppliedParagraphStyle="ParagraphStyle/LIBER-Text-Plain">
			<CharacterStyleRange AppliedCharacterStyle="CharacterStyle/bullet" FillColor="Color/LIBER CMYK Light Blue" StrokeWeight="0" StrokeAlignment="CenterAlignment">
				<Br />
				<Br />
			</CharacterStyleRange>
		</ParagraphStyleRange>
		<ParagraphStyleRange AppliedParagraphStyle="ParagraphStyle/Second level">
			<CharacterStyleRange AppliedCharacterStyle="CharacterStyle/$ID/[No character style]">
				<Content>Main title, subtitle</Content>
				<Br />
			</CharacterStyleRange>
		</ParagraphStyleRange>
		<ParagraphStyleRange AppliedParagraphStyle="ParagraphStyle/LIBER-Text-Plain">
			<CharacterStyleRange AppliedCharacterStyle="CharacterStyle/$ID/[No character style]">
				<Br />
			</CharacterStyleRange>
		</ParagraphStyleRange>
		<ParagraphStyleRange AppliedParagraphStyle="ParagraphStyle/LIBER-Text-Bullet" Hyphenation="false">
			<CharacterStyleRange AppliedCharacterStyle="CharacterStyle/LIBER-Text-BOLD">
				<Content>Con Etrectumus, </Content>
			</CharacterStyleRange>
			<CharacterStyleRange AppliedCharacterStyle="CharacterStyle/$ID/[No character style]">
				<Content>et L. Erfinintis conderime atque et peris. Satis maiorbi terorem P. Iferfere conihilice tam nonem in perunum patus ortum publinatus lostem re corei suli, contesime aperum it diursulto ex medem tem stimus in igna, vit, contia nonsumus</Content>
				<Br />
			</CharacterStyleRange>
			<CharacterStyleRange AppliedCharacterStyle="CharacterStyle/LIBER-Text-BOLD">
				<Content>Con Etrectumus,</Content>
			</CharacterStyleRange>
			<CharacterStyleRange AppliedCharacterStyle="CharacterStyle/$ID/[No character style]">
				<Content> et L. Erfinintis conderime atque et peris. Satis ortum publinatus lostem re corei suli, contesime aperum it d</Content>
				<Br />
			</CharacterStyleRange>
			<CharacterStyleRange AppliedCharacterStyle="CharacterStyle/LIBER-Text-BOLD">
				<Content>Con Etrectumus,</Content>
			</CharacterStyleRange>
			<CharacterStyleRange AppliedCharacterStyle="CharacterStyle/$ID/[No character style]">
				<Content> et L. Erfinintis conderime atque et peris. Satis maiorbi terorem P. Iferfere conihilice tam nonem in perunum patus ortum publinatus lostem re corei suli, contesime aperum it diursulto ex medem tem stimus.</Content>
				<Br />
			</CharacterStyleRange>
			<CharacterStyleRange AppliedCharacterStyle="CharacterStyle/LIBER-Text-BOLD">
				<Content>Con Etrectumus,</Content>
			</CharacterStyleRange>
			<CharacterStyleRange AppliedCharacterStyle="CharacterStyle/$ID/[No character style]">
				<Content> et L. Erfinintis conderime atque et peris. Satis maiorbi terorem P. Iferfere conihilice tam nonem in perunum patus ortum publinatus lostem re corei suli, contesime aperum it d</Content>
				<Br />
			</CharacterStyleRange>
			<CharacterStyleRange AppliedCharacterStyle="CharacterStyle/LIBER-Text-BOLD">
				<Content>Con Etrectumus,</Content>
			</CharacterStyleRange>
			<CharacterStyleRange AppliedCharacterStyle="CharacterStyle/$ID/[No character style]">
				<Content> et L. Erfinintis conderime atque et peris. Satis maiorbi terorem P. Iferfere conihilice tam nonem in perunum patus ortum publinatus lostem re corei suli, contesime aperum it diursulto ex medem tem stimus.</Content>
				<Br />
			</CharacterStyleRange>
			<CharacterStyleRange AppliedCharacterStyle="CharacterStyle/LIBER-Text-BOLD">
				<Content>Con Etrectumus,</Content>
			</CharacterStyleRange>
			<CharacterStyleRange AppliedCharacterStyle="CharacterStyle/$ID/[No character style]">
				<Content> et L. Erfinintis conderime atque et peris. Satis maiorbi terorem P. Iferfere conihilice tam nonem in perunum patus ortum publinatus lostem re corei suli, contesime aperum it diursulto ex medem tem stimus.</Content>
			</CharacterStyleRange>
		</ParagraphStyleRange>
	</Story>
</idPkg:Story>
