<?xml version="1.0" encoding="UTF-8" standalone="yes"?>
<idPkg:Story xmlns:idPkg="http://ns.adobe.com/AdobeInDesign/idml/1.0/packaging" DOMVersion="16.1">
	<Story Self="u3c86" UserText="true" IsEndnoteStory="false" AppliedTOCStyle="n" TrackChanges="false" StoryTitle="$ID/" AppliedNamedGrid="n">
		<StoryPreference OpticalMarginAlignment="false" OpticalMarginSize="12" FrameType="TextFrameType" StoryOrientation="Horizontal" StoryDirection="LeftToRightDirection" />
		<InCopyExportOption IncludeGraphicProxies="true" IncludeAllResources="false" />
		<ParagraphStyleRange AppliedParagraphStyle="ParagraphStyle/Second level">
			<CharacterStyleRange AppliedCharacterStyle="CharacterStyle/$ID/[No character style]">
				<Content>Supporting Resources </Content>
			</CharacterStyleRange>
			<CharacterStyleRange AppliedCharacterStyle="CharacterStyle/bullet">
				<Br />
			</CharacterStyleRange>
		</ParagraphStyleRange>
		<ParagraphStyleRange AppliedParagraphStyle="ParagraphStyle/LIBER-Text-Plain">
			<CharacterStyleRange AppliedCharacterStyle="CharacterStyle/bullet">
				<Br />
			</CharacterStyleRange>
			<CharacterStyleRange AppliedCharacterStyle="CharacterStyle/$ID/[No character style]">
				<Content>Satis maiorbi terorem P. Iferfere conihilice tam nonem in perunum patus ortum publinatus corei suli, </Content>
			</CharacterStyleRange>
			<CharacterStyleRange AppliedCharacterStyle="CharacterStyle/HYPERLINK YELLOW">
				<Content>contesime aperum it </Content>
				<Br />
				<Br />
			</CharacterStyleRange>
			<CharacterStyleRange AppliedCharacterStyle="CharacterStyle/$ID/[No character style]">
				<Content>Satis maiorbi terorem P. Iferfere conihilice tam nonem in perunum patus ortum publinatus lostem re corei suli, contesime aperum it diursulto ex med.</Content>
				<Br />
				<Br />
				<Content>Satis maiorbi terorem P. Iferfere conihilice tam nonem in perunum patus ortum publinatus lostem re corei suli, contesime aperum it diursulto ex med.</Content>
				<Br />
				<Br />
				<Content>Satis</Content>
			</CharacterStyleRange>
			<CharacterStyleRange AppliedCharacterStyle="CharacterStyle/Regular text">
				<Content> mai</Content>
			</CharacterStyleRange>
			<CharacterStyleRange AppliedCharacterStyle="CharacterStyle/$ID/[No character style]">
				<Content>orbi terorem P. Iferfere conihilice tam nonem in perunum patus ortum publinatus lostem re corei suli, </Content>
			</CharacterStyleRange>
			<CharacterStyleRange AppliedCharacterStyle="CharacterStyle/HYPERLINK YELLOW">
				<Content>contesime aperum it</Content>
			</CharacterStyleRange>
			<CharacterStyleRange AppliedCharacterStyle="CharacterStyle/$ID/[No character style]">
				<Br />
				<Br />
				<Content>Iferfere conihilice tam nonem in perunum patus </Content>
			</CharacterStyleRange>
			<CharacterStyleRange AppliedCharacterStyle="CharacterStyle/HYPERLINK YELLOW">
				<Content>ortum publinatus</Content>
			</CharacterStyleRange>
			<CharacterStyleRange AppliedCharacterStyle="CharacterStyle/$ID/[No character style]">
				<Content> lostem re corei suli, contesime aperum it diursulto ex med.</Content>
				<Br />
				<Br />
				<Content>Satis maiorbi terorem P. Iferfere conihilice tam nonem in perunum patus ortum publinatus lostem re </Content>
			</CharacterStyleRange>
			<CharacterStyleRange AppliedCharacterStyle="CharacterStyle/HYPERLINK YELLOW">
				<Content>corei suli,</Content>
			</CharacterStyleRange>
			<CharacterStyleRange AppliedCharacterStyle="CharacterStyle/$ID/[No character style]">
				<Content> contesime aperum it diursulto ex med. Otat acepedio consent, qui temporio dipsam fugiam, endam, tesequi omnisciis et idest omniatet volorupta sit quatum quas rest.</Content>
			</CharacterStyleRange>
		</ParagraphStyleRange>
	</Story>
</idPkg:Story>
