<?xml version="1.0" encoding="UTF-8" standalone="yes"?>
<idPkg:Story xmlns:idPkg="http://ns.adobe.com/AdobeInDesign/idml/1.0/packaging" DOMVersion="16.1">
	<Story Self="u2506" UserText="true" IsEndnoteStory="false" AppliedTOCStyle="n" TrackChanges="false" StoryTitle="$ID/" AppliedNamedGrid="n">
		<StoryPreference OpticalMarginAlignment="false" OpticalMarginSize="12" FrameType="TextFrameType" StoryOrientation="Horizontal" StoryDirection="LeftToRightDirection" />
		<InCopyExportOption IncludeGraphicProxies="true" IncludeAllResources="false" />
		<ParagraphStyleRange AppliedParagraphStyle="ParagraphStyle/Footnote">
			<CharacterStyleRange AppliedCharacterStyle="CharacterStyle/$ID/[No character style]" Position="Superscript">
				<Content>1.</Content>
			</CharacterStyleRange>
			<CharacterStyleRange AppliedCharacterStyle="CharacterStyle/$ID/[No character style]">
				<Content> <?ACE 7?>Use The Chicago Manual of Style 17th Edition style for references. All references should have an author or organization given first. Also please list a DOI for each reference if possible. Sample reference: Ayris, Paul, Isabel Bernal, Valentino Cavalli, Bertil Dorch, Jeannette Frey, Martin Hallik, Kristiina Hormia-Poutanen, et al. </Content>
			</CharacterStyleRange>
			<CharacterStyleRange AppliedCharacterStyle="CharacterStyle/$ID/[No character style]" Underline="true">
				<Content>‘LIBER Open Science Roadmap’.</Content>
			</CharacterStyleRange>
			<CharacterStyleRange AppliedCharacterStyle="CharacterStyle/$ID/[No character style]">
				<Content> LIBER, 2 July 2018. </Content>
			</CharacterStyleRange>
		</ParagraphStyleRange>
	</Story>
</idPkg:Story>
