<?xml version="1.0" encoding="UTF-8" standalone="yes"?>
<idPkg:Story xmlns:idPkg="http://ns.adobe.com/AdobeInDesign/idml/1.0/packaging" DOMVersion="16.1">
	<Story Self="u3384" UserText="true" IsEndnoteStory="false" AppliedTOCStyle="n" TrackChanges="false" StoryTitle="$ID/" AppliedNamedGrid="n">
		<StoryPreference OpticalMarginAlignment="false" OpticalMarginSize="12" FrameType="TextFrameType" StoryOrientation="Horizontal" StoryDirection="LeftToRightDirection" />
		<InCopyExportOption IncludeGraphicProxies="true" IncludeAllResources="false" />
		<ParagraphStyleRange AppliedParagraphStyle="ParagraphStyle/First level">
			<CharacterStyleRange AppliedCharacterStyle="CharacterStyle/$ID/[No character style]">
				<Content>Infobox</Content>
				<Br />
			</CharacterStyleRange>
			<CharacterStyleRange AppliedCharacterStyle="CharacterStyle/$ID/[No character style]" PointSize="9">
				<Properties>
					<Leading type="unit">11</Leading>
					<AppliedFont type="string">Lato</AppliedFont>
				</Properties>
				<Br />
			</CharacterStyleRange>
		</ParagraphStyleRange>
		<ParagraphStyleRange AppliedParagraphStyle="ParagraphStyle/LIBER-Text-Plain">
			<CharacterStyleRange AppliedCharacterStyle="CharacterStyle/$ID/[No character style]">
				<Content><?ACE 7?></Content>
			</CharacterStyleRange>
			<CharacterStyleRange AppliedCharacterStyle="CharacterStyle/LIBER-Text-BOLD">
				<Content>Con Etrectumus, </Content>
			</CharacterStyleRange>
			<CharacterStyleRange AppliedCharacterStyle="CharacterStyle/$ID/[No character style]">
				<Content>et L. Erfinintis conderime atque et peris. Satis maiorbi terorem P. Iferfere conihilice tam nonem in perunum patus ortum publinatus lostem re corei suli, </Content>
				<Br />
				<Content>diursulto ex medem tem stimus in igna, vit, contia nonsumus bonverbissil ublicitra? Quite recondam vessicie averio cestius sertern ihilius cerenirtam dium unt L. Erfinintis conderime atque et peris. Satis maiorbi terorem P. Iferfere conihilice tam nonem</Content>
				<Br />
			</CharacterStyleRange>
		</ParagraphStyleRange>
		<ParagraphStyleRange AppliedParagraphStyle="ParagraphStyle/First level">
			<CharacterStyleRange AppliedCharacterStyle="CharacterStyle/$ID/[No character style]" PointSize="9">
				<Properties>
					<Leading type="unit">11</Leading>
					<AppliedFont type="string">Lato</AppliedFont>
				</Properties>
				<Br />
			</CharacterStyleRange>
		</ParagraphStyleRange>
		<ParagraphStyleRange AppliedParagraphStyle="ParagraphStyle/LIBER-Text-Plain">
			<CharacterStyleRange AppliedCharacterStyle="CharacterStyle/$ID/[No character style]">
				<Content><?ACE 7?></Content>
			</CharacterStyleRange>
			<CharacterStyleRange AppliedCharacterStyle="CharacterStyle/LIBER-Text-BOLD">
				<Content>In perunum patus ortum</Content>
			</CharacterStyleRange>
			<CharacterStyleRange AppliedCharacterStyle="CharacterStyle/$ID/[No character style]">
				<Content> publinatus lostem re corei suli, contesime aperum Maecenas condimentum nisi a velit ut elit elementum, porttitor dictum sem dignissim. Innisi a onsectetur nisi a turpis lobortis dignissim quis quis elit. Praesent lobortis. nisi a turpis lobortis dignissim quis quis nisi a turpis lobortis.Veratemp oreperunt ut idebis audis autempora is mo eosant rerum auditatia consecea dia volorem volupta in con ratureptis aut fugit, torporio. </Content>
			</CharacterStyleRange>
		</ParagraphStyleRange>
	</Story>
</idPkg:Story>
