<?xml version="1.0" encoding="UTF-8" standalone="yes"?>
<idPkg:Story xmlns:idPkg="http://ns.adobe.com/AdobeInDesign/idml/1.0/packaging" DOMVersion="16.1">
	<Story Self="u3c26" UserText="true" IsEndnoteStory="false" AppliedTOCStyle="n" TrackChanges="false" StoryTitle="$ID/" AppliedNamedGrid="n">
		<StoryPreference OpticalMarginAlignment="false" OpticalMarginSize="12" FrameType="TextFrameType" StoryOrientation="Horizontal" StoryDirection="LeftToRightDirection" />
		<InCopyExportOption IncludeGraphicProxies="true" IncludeAllResources="false" />
		<ParagraphStyleRange AppliedParagraphStyle="ParagraphStyle/$ID/NormalParagraphStyle" ParagraphBorderTopLeftCornerRadius="12" ParagraphBorderTopRightCornerRadius="12" ParagraphBorderBottomLeftCornerRadius="12" ParagraphBorderBottomRightCornerRadius="12" ParagraphShadingTopLeftCornerRadius="12" ParagraphShadingTopRightCornerRadius="12" ParagraphShadingBottomLeftCornerRadius="12" ParagraphShadingBottomRightCornerRadius="12">
			<Properties>
				<ParagraphBorderGapColor type="object">Swatch/None</ParagraphBorderGapColor>
				<Mojikumi type="enumeration">LineEndAllOneHalfEmEnum</Mojikumi>
				<KinsokuSet type="enumeration">HardKinsoku</KinsokuSet>
			</Properties>
			<CharacterStyleRange AppliedCharacterStyle="CharacterStyle/$ID/[No character style]" PointSize="6">
				<Content>Photo by  Raeng</Content>
			</CharacterStyleRange>
		</ParagraphStyleRange>
	</Story>
</idPkg:Story>
