<?xml version="1.0" encoding="UTF-8" standalone="yes"?>
<idPkg:Story xmlns:idPkg="http://ns.adobe.com/AdobeInDesign/idml/1.0/packaging" DOMVersion="16.1">
	<Story Self="u1da1" UserText="true" IsEndnoteStory="false" AppliedTOCStyle="n" TrackChanges="false" StoryTitle="$ID/" AppliedNamedGrid="n">
		<StoryPreference OpticalMarginAlignment="false" OpticalMarginSize="12" FrameType="TextFrameType" StoryOrientation="Horizontal" StoryDirection="LeftToRightDirection" />
		<InCopyExportOption IncludeGraphicProxies="true" IncludeAllResources="false" />
		<ParagraphStyleRange AppliedParagraphStyle="ParagraphStyle/$ID/NormalParagraphStyle" Justification="RightAlign" ParagraphBorderTopLeftCornerRadius="12" ParagraphBorderTopRightCornerRadius="12" ParagraphBorderBottomLeftCornerRadius="12" ParagraphBorderBottomRightCornerRadius="12" ParagraphShadingTopLeftCornerRadius="12" ParagraphShadingTopRightCornerRadius="12" ParagraphShadingBottomLeftCornerRadius="12" ParagraphShadingBottomRightCornerRadius="12">
			<Properties>
				<ParagraphBorderGapColor type="object">Swatch/None</ParagraphBorderGapColor>
				<Mojikumi type="enumeration">LineEndAllOneHalfEmEnum</Mojikumi>
				<KinsokuSet type="enumeration">HardKinsoku</KinsokuSet>
			</Properties>
			<CharacterStyleRange AppliedCharacterStyle="CharacterStyle/Header" StrokeWeight="0.6457372066381027" MiterLimit="2.582948826552411" RubyFontSize="-0.6457372066381027" KentenFontSize="-0.6457372066381027">
				<Content>Citizen Science </Content>
				<Br />
				<Content>for Research </Content>
				<Br />
				<Content>Libraries</Content>
				<Br />
			</CharacterStyleRange>
		</ParagraphStyleRange>
		<ParagraphStyleRange AppliedParagraphStyle="ParagraphStyle/LIBER-Headline-Yellow" Justification="RightAlign">
			<CharacterStyleRange AppliedCharacterStyle="CharacterStyle/$ID/[No character style]" FontStyle="Italic" PointSize="22" StrokeWeight="0.6457372066381027" MiterLimit="2.582948826552411" RubyFontSize="-0.6457372066381027" KentenFontSize="-0.6457372066381027">
				<Br />
			</CharacterStyleRange>
		</ParagraphStyleRange>
	</Story>
</idPkg:Story>
