<?xml version="1.0" encoding="UTF-8" standalone="yes"?>
<idPkg:Story xmlns:idPkg="http://ns.adobe.com/AdobeInDesign/idml/1.0/packaging" DOMVersion="16.1">
	<Story Self="u3426" UserText="true" IsEndnoteStory="false" AppliedTOCStyle="n" TrackChanges="false" StoryTitle="$ID/" AppliedNamedGrid="n">
		<StoryPreference OpticalMarginAlignment="false" OpticalMarginSize="12" FrameType="TextFrameType" StoryOrientation="Horizontal" StoryDirection="LeftToRightDirection" />
		<InCopyExportOption IncludeGraphicProxies="true" IncludeAllResources="false" />
		<ParagraphStyleRange AppliedParagraphStyle="ParagraphStyle/LIBER-Text-Plain" Justification="RightAlign">
			<CharacterStyleRange AppliedCharacterStyle="CharacterStyle/header">
				<Content>A guide</Content>
				<Br />
				<Br />
			</CharacterStyleRange>
			<CharacterStyleRange AppliedCharacterStyle="CharacterStyle/$ID/[No character style]">
				<Content>Edited by Paul Ayris, Bastian Greshake Tzovaras, Thomas Kaarstad, Jitka Stilund Hansen, and Simon Worthington</Content>
				<Br />
				<Br />
				<Content>From the LIBER Citizen Science Working Group LIBER Europe</Content>
				<Br />
			</CharacterStyleRange>
			<CharacterStyleRange AppliedCharacterStyle="CharacterStyle/$ID/[No character style]" FontStyle="Italic">
				<Content>Version 1.0</Content>
				<Br />
			</CharacterStyleRange>
		</ParagraphStyleRange>
	</Story>
</idPkg:Story>
