<?xml version="1.0" encoding="UTF-8" standalone="yes"?>
<idPkg:Story xmlns:idPkg="http://ns.adobe.com/AdobeInDesign/idml/1.0/packaging" DOMVersion="16.1">
	<Story Self="u27b2" UserText="true" IsEndnoteStory="false" AppliedTOCStyle="n" TrackChanges="false" StoryTitle="$ID/" AppliedNamedGrid="n">
		<StoryPreference OpticalMarginAlignment="false" OpticalMarginSize="12" FrameType="TextFrameType" StoryOrientation="Horizontal" StoryDirection="LeftToRightDirection" />
		<InCopyExportOption IncludeGraphicProxies="true" IncludeAllResources="false" />
		<ParagraphStyleRange AppliedParagraphStyle="ParagraphStyle/First level">
			<CharacterStyleRange AppliedCharacterStyle="CharacterStyle/$ID/[No character style]">
				<Content>Infobox</Content>
				<Br />
			</CharacterStyleRange>
			<CharacterStyleRange AppliedCharacterStyle="CharacterStyle/$ID/[No character style]" PointSize="9">
				<Properties>
					<Leading type="unit">11</Leading>
					<AppliedFont type="string">Lato</AppliedFont>
				</Properties>
				<Br />
			</CharacterStyleRange>
		</ParagraphStyleRange>
		<ParagraphStyleRange AppliedParagraphStyle="ParagraphStyle/LIBER-Text-Plain">
			<CharacterStyleRange AppliedCharacterStyle="CharacterStyle/Bold">
				<Content>1. <?ACE 7?>Con Etrectumus,</Content>
			</CharacterStyleRange>
			<CharacterStyleRange AppliedCharacterStyle="CharacterStyle/$ID/[No character style]">
				<Content> et L. Erfinintis conderime atque et peris. Satis maiorbi terorem P. Iferfere conihilice tam nonem in perunum patus ortum publinatus lostem re corei suli, </Content>
				<Br />
			</CharacterStyleRange>
			<CharacterStyleRange AppliedCharacterStyle="CharacterStyle/Bold">
				<Content>2. <?ACE 7?>Contesime aperum </Content>
			</CharacterStyleRange>
			<CharacterStyleRange AppliedCharacterStyle="CharacterStyle/$ID/[No character style]">
				<Content>it diursulto ex medem tem stimus in igna, vit, contia nonsumus bonverbissil ublicitra? Quite recondam vessicie averio cestius sertern ihilius cerenirtam dium unti ficende revilis, efactum int.</Content>
				<Br />
			</CharacterStyleRange>
			<CharacterStyleRange AppliedCharacterStyle="CharacterStyle/Bold">
				<Content>3. <?ACE 7?>Con Etrectumus,</Content>
			</CharacterStyleRange>
			<CharacterStyleRange AppliedCharacterStyle="CharacterStyle/$ID/[No character style]">
				<Content> et L. Erfinintis conderime atque et peris. Satis maiorbi terorem P. Iferfere conihilice tam nonem</Content>
				<Br />
			</CharacterStyleRange>
			<CharacterStyleRange AppliedCharacterStyle="CharacterStyle/Bold">
				<Content>4. <?ACE 7?>In perunum patus </Content>
			</CharacterStyleRange>
			<CharacterStyleRange AppliedCharacterStyle="CharacterStyle/$ID/[No character style]">
				<Content>ortum publinatus lostem re corei suli, contesime aperum</Content>
				<Br />
				<Br />
				<Content>Maecenas condimentum nisi a velit ut elit elementum, porttitor dictum sem dignissim. Innisi a onsectetur nisi a turpis lobortis dignissim quis quis elit. Praesent lobortis.</Content>
			</CharacterStyleRange>
		</ParagraphStyleRange>
	</Story>
</idPkg:Story>
