<?xml version="1.0" encoding="UTF-8" standalone="yes"?>
<idPkg:Story xmlns:idPkg="http://ns.adobe.com/AdobeInDesign/idml/1.0/packaging" DOMVersion="16.1">
	<Story Self="u1df3" UserText="true" IsEndnoteStory="false" AppliedTOCStyle="n" TrackChanges="false" StoryTitle="$ID/" AppliedNamedGrid="n">
		<StoryPreference OpticalMarginAlignment="false" OpticalMarginSize="12" FrameType="TextFrameType" StoryOrientation="Horizontal" StoryDirection="LeftToRightDirection" />
		<InCopyExportOption IncludeGraphicProxies="true" IncludeAllResources="false" />
		<ParagraphStyleRange AppliedParagraphStyle="ParagraphStyle/Liber-Text-Bold">
			<CharacterStyleRange AppliedCharacterStyle="CharacterStyle/$ID/[No character style]">
				<Br />
			</CharacterStyleRange>
		</ParagraphStyleRange>
		<ParagraphStyleRange AppliedParagraphStyle="ParagraphStyle/LIBER-Text-Plain">
			<CharacterStyleRange AppliedCharacterStyle="CharacterStyle/LIBER-Text-BOLD" FontStyle="Regular">
				<Br />
				<Content>Hashtag: </Content>
			</CharacterStyleRange>
			<CharacterStyleRange AppliedCharacterStyle="CharacterStyle/$ID/[No character style]" FontStyle="Black">
				<Content>#CS4RL</Content>
			</CharacterStyleRange>
			<CharacterStyleRange AppliedCharacterStyle="CharacterStyle/LIBER-Text-BOLD">
				<Br />
				<Br />
			</CharacterStyleRange>
			<CharacterStyleRange AppliedCharacterStyle="CharacterStyle/LIBER-Text-BOLD" FontStyle="Regular">
				<Content>Editors</Content>
			</CharacterStyleRange>
			<CharacterStyleRange AppliedCharacterStyle="CharacterStyle/LIBER-Text-BOLD">
				<Br />
			</CharacterStyleRange>
			<CharacterStyleRange AppliedCharacterStyle="CharacterStyle/$ID/[No character style]" FontStyle="Black">
				<Content>Paul Ayris, </Content>
				<Br />
			</CharacterStyleRange>
		</ParagraphStyleRange>
		<ParagraphStyleRange AppliedParagraphStyle="ParagraphStyle/Liber-Text-Bold">
			<CharacterStyleRange AppliedCharacterStyle="CharacterStyle/$ID/[No character style]">
				<Content>Bastian Greshake Tzovaras, </Content>
				<Br />
				<Content>Thomas Kaarstad, </Content>
				<Br />
				<Content>Jitka Stilund Hansen</Content>
				<Br />
				<Content>Simon Worthington</Content>
				<Br />
			</CharacterStyleRange>
		</ParagraphStyleRange>
		<ParagraphStyleRange AppliedParagraphStyle="ParagraphStyle/LIBER-Text-Plain" ParagraphBorderTopLeftCornerRadius="12" ParagraphBorderTopRightCornerRadius="12" ParagraphBorderBottomLeftCornerRadius="12" ParagraphBorderBottomRightCornerRadius="12" ParagraphShadingTopLeftCornerRadius="12" ParagraphShadingTopRightCornerRadius="12" ParagraphShadingBottomLeftCornerRadius="12" ParagraphShadingBottomRightCornerRadius="12">
			<Properties>
				<ParagraphBorderGapColor type="object">Swatch/None</ParagraphBorderGapColor>
				<Mojikumi type="enumeration">LineEndAllOneHalfEmEnum</Mojikumi>
				<KinsokuSet type="enumeration">HardKinsoku</KinsokuSet>
			</Properties>
			<CharacterStyleRange AppliedCharacterStyle="CharacterStyle/$ID/[No character style]">
				<Br />
			</CharacterStyleRange>
		</ParagraphStyleRange>
		<ParagraphStyleRange AppliedParagraphStyle="ParagraphStyle/LIBER-Text-Plain">
			<CharacterStyleRange AppliedCharacterStyle="CharacterStyle/LIBER-Text-BOLD" FontStyle="Regular">
				<Content>DOI: </Content>
			</CharacterStyleRange>
			<CharacterStyleRange AppliedCharacterStyle="CharacterStyle/$ID/[No character style]" FontStyle="Black">
				<Content>TBC</Content>
				<Br />
			</CharacterStyleRange>
			<CharacterStyleRange AppliedCharacterStyle="CharacterStyle/$ID/[No character style]">
				<Br />
			</CharacterStyleRange>
			<CharacterStyleRange AppliedCharacterStyle="CharacterStyle/LIBER-Text-BOLD" FontStyle="Regular">
				<Content>ISBN:</Content>
			</CharacterStyleRange>
			<CharacterStyleRange AppliedCharacterStyle="CharacterStyle/LIBER-Text-BOLD">
				<Content> </Content>
			</CharacterStyleRange>
			<CharacterStyleRange AppliedCharacterStyle="CharacterStyle/$ID/[No character style]">
				<Br />
			</CharacterStyleRange>
		</ParagraphStyleRange>
		<ParagraphStyleRange AppliedParagraphStyle="ParagraphStyle/Liber-Text-Bold">
			<CharacterStyleRange AppliedCharacterStyle="CharacterStyle/$ID/[No character style]">
				<Content>Print BW TBC</Content>
				<Br />
				<Content>Print Colour TBC</Content>
				<Br />
			</CharacterStyleRange>
		</ParagraphStyleRange>
		<ParagraphStyleRange AppliedParagraphStyle="ParagraphStyle/LIBER-Text-Plain">
			<CharacterStyleRange AppliedCharacterStyle="CharacterStyle/$ID/[No character style]">
				<Br />
			</CharacterStyleRange>
			<CharacterStyleRange AppliedCharacterStyle="CharacterStyle/LIBER-Text-BOLD" FontStyle="Regular">
				<Content>EPUB: </Content>
			</CharacterStyleRange>
			<CharacterStyleRange AppliedCharacterStyle="CharacterStyle/$ID/[No character style]" FontStyle="Black">
				<Content>TBC</Content>
				<Br />
			</CharacterStyleRange>
		</ParagraphStyleRange>
		<ParagraphStyleRange AppliedParagraphStyle="ParagraphStyle/LIBER-Text-Plain" ParagraphBorderTopLeftCornerRadius="12" ParagraphBorderTopRightCornerRadius="12" ParagraphBorderBottomLeftCornerRadius="12" ParagraphBorderBottomRightCornerRadius="12" ParagraphShadingTopLeftCornerRadius="12" ParagraphShadingTopRightCornerRadius="12" ParagraphShadingBottomLeftCornerRadius="12" ParagraphShadingBottomRightCornerRadius="12">
			<Properties>
				<ParagraphBorderGapColor type="object">Swatch/None</ParagraphBorderGapColor>
				<Mojikumi type="enumeration">LineEndAllOneHalfEmEnum</Mojikumi>
				<KinsokuSet type="enumeration">HardKinsoku</KinsokuSet>
			</Properties>
			<CharacterStyleRange AppliedCharacterStyle="CharacterStyle/$ID/[No character style]">
				<Br />
				<Content>URL landing page: </Content>
			</CharacterStyleRange>
			<CharacterStyleRange AppliedCharacterStyle="CharacterStyle/$ID/[No character style]" FontStyle="Black">
				<Content>TBC</Content>
				<Br />
			</CharacterStyleRange>
		</ParagraphStyleRange>
		<ParagraphStyleRange AppliedParagraphStyle="ParagraphStyle/LIBER-Text-Plain">
			<CharacterStyleRange AppliedCharacterStyle="CharacterStyle/$ID/[No character style]">
				<Br />
			</CharacterStyleRange>
			<CharacterStyleRange AppliedCharacterStyle="CharacterStyle/LIBER-Text-BOLD" FontStyle="Regular">
				<Content>URL</Content>
			</CharacterStyleRange>
			<CharacterStyleRange AppliedCharacterStyle="CharacterStyle/HYPERLINK YELLOW">
				<Content> Source Repository</Content>
			</CharacterStyleRange>
			<CharacterStyleRange AppliedCharacterStyle="CharacterStyle/$ID/[No character style]" FontStyle="Black">
				<Br />
			</CharacterStyleRange>
		</ParagraphStyleRange>
		<ParagraphStyleRange AppliedParagraphStyle="ParagraphStyle/LIBER-Text-Plain" ParagraphBorderTopLeftCornerRadius="12" ParagraphBorderTopRightCornerRadius="12" ParagraphBorderBottomLeftCornerRadius="12" ParagraphBorderBottomRightCornerRadius="12" ParagraphShadingTopLeftCornerRadius="12" ParagraphShadingTopRightCornerRadius="12" ParagraphShadingBottomLeftCornerRadius="12" ParagraphShadingBottomRightCornerRadius="12">
			<Properties>
				<ParagraphBorderGapColor type="object">Swatch/None</ParagraphBorderGapColor>
				<Mojikumi type="enumeration">LineEndAllOneHalfEmEnum</Mojikumi>
				<KinsokuSet type="enumeration">HardKinsoku</KinsokuSet>
			</Properties>
			<CharacterStyleRange AppliedCharacterStyle="CharacterStyle/$ID/[No character style]">
				<Br />
				<Content>Published by: </Content>
			</CharacterStyleRange>
			<CharacterStyleRange AppliedCharacterStyle="CharacterStyle/HYPERLINK YELLOW">
				<Content>LIBER Europe</Content>
			</CharacterStyleRange>
			<CharacterStyleRange AppliedCharacterStyle="CharacterStyle/$ID/[No character style]">
				<Br />
			</CharacterStyleRange>
		</ParagraphStyleRange>
		<ParagraphStyleRange AppliedParagraphStyle="ParagraphStyle/$ID/[No paragraph style]" Justification="LeftJustified" GridAlignment="AlignBaseline" TreatIdeographicSpaceAsSpace="false" ParagraphBorderTopLeftCornerRadius="12" ParagraphBorderTopRightCornerRadius="12" ParagraphBorderBottomLeftCornerRadius="12" ParagraphBorderBottomRightCornerRadius="12" ParagraphShadingTopLeftCornerRadius="12" ParagraphShadingTopRightCornerRadius="12" ParagraphShadingBottomLeftCornerRadius="12" ParagraphShadingBottomRightCornerRadius="12">
			<Properties>
				<ParagraphBorderGapColor type="object">Swatch/None</ParagraphBorderGapColor>
				<Mojikumi type="enumeration">LineEndAllOneHalfEmEnum</Mojikumi>
				<KinsokuSet type="enumeration">HardKinsoku</KinsokuSet>
			</Properties>
			<CharacterStyleRange AppliedCharacterStyle="CharacterStyle/HYPERLINK YELLOW" FontStyle="Regular" PointSize="9" Underline="false" UnderlineOffset="-9999" UnderlineWeight="-9999" DiacriticPosition="OpentypePosition">
				<Properties>
					<AppliedFont type="string">Lato</AppliedFont>
					<UnderlineColor type="string">Text Color</UnderlineColor>
					<UnderlineType type="object">StrokeStyle/$ID/Solid</UnderlineType>
				</Properties>
				<Br />
			</CharacterStyleRange>
		</ParagraphStyleRange>
		<ParagraphStyleRange AppliedParagraphStyle="ParagraphStyle/$ID/[No paragraph style]" Justification="LeftJustified" GridAlignment="AlignBaseline" TreatIdeographicSpaceAsSpace="false">
			<CharacterStyleRange AppliedCharacterStyle="CharacterStyle/HYPERLINK YELLOW" FontStyle="Regular" PointSize="9" Underline="false" UnderlineOffset="-9999" UnderlineWeight="-9999" DiacriticPosition="OpentypePosition">
				<Properties>
					<AppliedFont type="string">Lato</AppliedFont>
					<UnderlineColor type="string">Text Color</UnderlineColor>
					<UnderlineType type="object">StrokeStyle/$ID/Solid</UnderlineType>
				</Properties>
				<Content>Acknowledgements and partners</Content>
				<Br />
				<Br />
			</CharacterStyleRange>
		</ParagraphStyleRange>
		<ParagraphStyleRange AppliedParagraphStyle="ParagraphStyle/$ID/[No paragraph style]" Hyphenation="false" Justification="LeftJustified" GridAlignment="AlignBaseline" TreatIdeographicSpaceAsSpace="false">
			<CharacterStyleRange AppliedCharacterStyle="CharacterStyle/HYPERLINK YELLOW" FontStyle="Regular" PointSize="9" Underline="false" UnderlineOffset="-9999" UnderlineWeight="-9999" DiacriticPosition="OpentypePosition">
				<Properties>
					<AppliedFont type="string">Lato</AppliedFont>
					<UnderlineColor type="string">Text Color</UnderlineColor>
					<UnderlineType type="object">StrokeStyle/$ID/Solid</UnderlineType>
				</Properties>
				<Content>Designer</Content>
				<Br />
			</CharacterStyleRange>
		</ParagraphStyleRange>
		<ParagraphStyleRange AppliedParagraphStyle="ParagraphStyle/Liber-Text-Bold" Hyphenation="false">
			<CharacterStyleRange AppliedCharacterStyle="CharacterStyle/$ID/[No character style]">
				<Content>Geralda van der Es/ SPRESSO</Content>
			</CharacterStyleRange>
			<CharacterStyleRange AppliedCharacterStyle="CharacterStyle/HYPERLINK YELLOW" FontStyle="Regular" PointSize="9" Underline="false" UnderlineOffset="-9999" UnderlineWeight="-9999" DiacriticPosition="OpentypePosition">
				<Properties>
					<AppliedFont type="string">Lato</AppliedFont>
					<UnderlineColor type="string">Text Color</UnderlineColor>
					<UnderlineType type="object">StrokeStyle/$ID/Solid</UnderlineType>
				</Properties>
				<Br />
			</CharacterStyleRange>
		</ParagraphStyleRange>
		<ParagraphStyleRange AppliedParagraphStyle="ParagraphStyle/$ID/[No paragraph style]" Hyphenation="false" Justification="LeftJustified" GridAlignment="AlignBaseline" TreatIdeographicSpaceAsSpace="false">
			<CharacterStyleRange AppliedCharacterStyle="CharacterStyle/HYPERLINK YELLOW" FontStyle="Regular" PointSize="9" Underline="false" UnderlineOffset="-9999" UnderlineWeight="-9999" DiacriticPosition="OpentypePosition">
				<Properties>
					<AppliedFont type="string">Lato</AppliedFont>
					<UnderlineColor type="string">Text Color</UnderlineColor>
					<UnderlineType type="object">StrokeStyle/$ID/Solid</UnderlineType>
				</Properties>
				<Br />
				<Content>Contributors</Content>
				<Br />
				<Br />
			</CharacterStyleRange>
		</ParagraphStyleRange>
		<ParagraphStyleRange AppliedParagraphStyle="ParagraphStyle/$ID/[No paragraph style]" Hyphenation="false" GridAlignment="AlignBaseline" TreatIdeographicSpaceAsSpace="false">
			<CharacterStyleRange AppliedCharacterStyle="CharacterStyle/HYPERLINK YELLOW" FontStyle="Regular" PointSize="9" Underline="false" UnderlineOffset="-9999" UnderlineWeight="-9999" DiacriticPosition="OpentypePosition">
				<Properties>
					<AppliedFont type="string">Lato</AppliedFont>
					<UnderlineColor type="string">Text Color</UnderlineColor>
					<UnderlineType type="object">StrokeStyle/$ID/Solid</UnderlineType>
				</Properties>
				<Content>Copyright © 2021 the authors. </Content>
				<Br />
				<Br />
				<Content>Licensed under a Creative Commons Attribution- ShareAlike 4.0 International License unless otherwise stated.</Content>
				<Br />
			</CharacterStyleRange>
		</ParagraphStyleRange>
		<ParagraphStyleRange AppliedParagraphStyle="ParagraphStyle/Liber-Text-Bold">
			<CharacterStyleRange AppliedCharacterStyle="CharacterStyle/$ID/[No character style]">
				<Br />
			</CharacterStyleRange>
		</ParagraphStyleRange>
		<ParagraphStyleRange AppliedParagraphStyle="ParagraphStyle/LIBER-Text-Plain" ParagraphBorderTopLeftCornerRadius="12" ParagraphBorderTopRightCornerRadius="12" ParagraphBorderBottomLeftCornerRadius="12" ParagraphBorderBottomRightCornerRadius="12" ParagraphShadingTopLeftCornerRadius="12" ParagraphShadingTopRightCornerRadius="12" ParagraphShadingBottomLeftCornerRadius="12" ParagraphShadingBottomRightCornerRadius="12">
			<Properties>
				<ParagraphBorderGapColor type="object">Swatch/None</ParagraphBorderGapColor>
				<Mojikumi type="enumeration">LineEndAllOneHalfEmEnum</Mojikumi>
				<KinsokuSet type="enumeration">HardKinsoku</KinsokuSet>
			</Properties>
			<CharacterStyleRange AppliedCharacterStyle="CharacterStyle/$ID/[No character style]" FontStyle="Black" />
		</ParagraphStyleRange>
	</Story>
</idPkg:Story>
