<?xml version="1.0" encoding="UTF-8" standalone="yes"?>
<idPkg:Spread xmlns:idPkg="http://ns.adobe.com/AdobeInDesign/idml/1.0/packaging" DOMVersion="16.1">
	<Spread Self="u1149" PageTransitionType="None" PageTransitionDirection="NotApplicable" PageTransitionDuration="Medium" ShowMasterItems="true" PageCount="2" BindingLocation="0" AllowPageShuffle="true" ItemTransform="1 0 0 1 8.526512829121202e-14 7997.952755905979" FlattenerOverride="Default">
		<FlattenerPreference LineArtAndTextResolution="300" GradientAndMeshResolution="150" ClipComplexRegions="false" ConvertAllStrokesToOutlines="false" ConvertAllTextToOutlines="false">
			<Properties>
				<RasterVectorBalance type="double">50</RasterVectorBalance>
			</Properties>
		</FlattenerPreference>
		<Page Self="u1150" TabOrder="" AppliedMaster="u1f44" OverrideList="" MasterPageTransform="0.9999999999999999 0 0 1 -246.6141732283 123.30708661415005" Name="17" AppliedTrapPreset="TrapPreset/$ID/kDefaultTrapStyleName" GeometricBounds="75.11811023620677 113.38582677167238 766.7716535432935 595.2755905511999" ItemTransform="1 0 0 1 -595.2755905512001 -420.94488188975015" AppliedAlternateLayout="uad" LayoutRule="Off" SnapshotBlendingMode="IgnoreLayoutSnapshots" OptionalPage="false" GridStartingPoint="TopOutside" UseMasterGrid="false">
			<Properties>
				<PageColor type="enumeration">UseMasterColor</PageColor>
				<Descriptor type="list">
					<ListItem type="string"></ListItem>
					<ListItem type="enumeration">Arabic</ListItem>
					<ListItem type="boolean">false</ListItem>
					<ListItem type="boolean">false</ListItem>
					<ListItem type="long">17</ListItem>
					<ListItem type="string"></ListItem>
				</Descriptor>
			</Properties>
			<MarginPreference ColumnCount="4" ColumnGutter="14.173228346456694" Top="42.5196850394" Bottom="42.5196850394" Left="42.5196850394" Right="42.5196850394" ColumnDirection="Horizontal" ColumnsPositions="0 88.58267716533939 102.75590551179607 191.3385826771355 205.5118110235922 294.09448818893156 308.2677165353883 396.85039370072764" />
			<GridDataInformation FontStyle="Regular" PointSize="12" CharacterAki="0" LineAki="9" HorizontalScale="100" VerticalScale="100" LineAlignment="LeftOrTopLineJustify" GridAlignment="AlignEmCenter" CharacterAlignment="AlignEmCenter">
				<Properties>
					<AppliedFont type="string">Minion Pro</AppliedFont>
				</Properties>
			</GridDataInformation>
		</Page>
		<Page Self="u1151" TabOrder="" AppliedMaster="u1f44" OverrideList="" MasterPageTransform="0.9999999999999999 0 0 1 -1.6651102494577535e-14 123.30708661415005" Name="18" AppliedTrapPreset="TrapPreset/$ID/kDefaultTrapStyleName" GeometricBounds="75.11811023620677 7.655679307854455e-15 766.7716535432935 481.8897637795275" ItemTransform="1 0 0 1 8.526512829121202e-14 -420.94488188975015" AppliedAlternateLayout="uad" LayoutRule="Off" SnapshotBlendingMode="IgnoreLayoutSnapshots" OptionalPage="false" GridStartingPoint="TopOutside" UseMasterGrid="false">
			<Properties>
				<PageColor type="enumeration">UseMasterColor</PageColor>
				<Descriptor type="list">
					<ListItem type="string"></ListItem>
					<ListItem type="enumeration">Arabic</ListItem>
					<ListItem type="boolean">false</ListItem>
					<ListItem type="boolean">false</ListItem>
					<ListItem type="long">18</ListItem>
					<ListItem type="string"></ListItem>
				</Descriptor>
			</Properties>
			<MarginPreference ColumnCount="4" ColumnGutter="14.173228346456694" Top="42.5196850394" Bottom="42.5196850394" Left="42.5196850394" Right="42.5196850394" ColumnDirection="Horizontal" ColumnsPositions="0 88.58267716533938 102.75590551179606 191.33858267713543 205.51181102359214 294.0944881889315 308.2677165353882 396.8503937007276" />
			<GridDataInformation FontStyle="Regular" PointSize="12" CharacterAki="0" LineAki="9" HorizontalScale="100" VerticalScale="100" LineAlignment="LeftOrTopLineJustify" GridAlignment="AlignEmCenter" CharacterAlignment="AlignEmCenter">
				<Properties>
					<AppliedFont type="string">Minion Pro</AppliedFont>
				</Properties>
			</GridDataInformation>
		</Page>
		<Rectangle Self="u3a46" ContentType="Unassigned" StoryTitle="$ID/" OverriddenPageItemProps="" Visible="true" Name="$ID/" TopLeftCornerOption="RoundedCorner" TopRightCornerOption="RoundedCorner" BottomLeftCornerOption="RoundedCorner" BottomRightCornerOption="RoundedCorner" TopLeftCornerRadius="5.669291338582678" TopRightCornerRadius="5.669291338582678" BottomLeftCornerRadius="5.669291338582678" BottomRightCornerRadius="5.669291338582678" HorizontalLayoutConstraints="FlexibleDimension FixedDimension FlexibleDimension" VerticalLayoutConstraints="FlexibleDimension FixedDimension FlexibleDimension" FillColor="Color/LIBER CMYK Dark Blue" FillTint="10" CornerRadius="5.669291338582678" StrokeWeight="0" StrokeColor="Swatch/None" GradientFillStart="0 0" GradientFillLength="0" GradientFillAngle="0" GradientStrokeStart="0 0" GradientStrokeLength="0" GradientStrokeAngle="0" ItemLayer="ub3" Locked="false" LocalDisplaySetting="Default" GradientFillHiliteLength="0" GradientFillHiliteAngle="0" GradientStrokeHiliteLength="0" GradientStrokeHiliteAngle="0" AppliedObjectStyle="ObjectStyle/$ID/[Normal Graphics Frame]" CornerOption="RoundedCorner" ItemTransform="1 0 0 1 623.4374373411299 -374.6737782558878" ParentInterfaceChangeCount="" TargetInterfaceChangeCount="" LastUpdatedInterfaceChangeCount="">
			<Properties>
				<PathGeometry>
					<GeometryPathType PathOpen="false">
						<PathPointArray>
							<PathPointType Anchor="-375.4059412781377 108.8470066023446" LeftDirection="-375.4059412781377 108.8470066023446" RightDirection="-375.4059412781377 108.8470066023446" />
							<PathPointType Anchor="-375.4059412781377 372.84700660234466" LeftDirection="-375.4059412781377 372.84700660234466" RightDirection="-375.4059412781377 372.84700660234466" />
							<PathPointType Anchor="-184.06735860100218 372.84700660234466" LeftDirection="-184.06735860100218 372.84700660234466" RightDirection="-184.06735860100218 372.84700660234466" />
							<PathPointType Anchor="-184.06735860100218 108.8470066023446" LeftDirection="-184.06735860100218 108.8470066023446" RightDirection="-184.06735860100218 108.8470066023446" />
						</PathPointArray>
					</GeometryPathType>
				</PathGeometry>
			</Properties>
			<FrameFittingOption AutoFit="false" LeftCrop="0" TopCrop="0" RightCrop="0" BottomCrop="0" FittingOnEmptyFrame="None" FittingAlignment="CenterAnchor" />
			<ObjectExportOption AltTextSourceType="SourceXMLStructure" ActualTextSourceType="SourceXMLStructure" CustomAltText="$ID/" CustomActualText="$ID/" ApplyTagType="TagFromStructure" ImageConversionType="JPEG" ImageExportResolution="Ppi300" GIFOptionsPalette="AdaptivePalette" GIFOptionsInterlaced="true" JPEGOptionsQuality="High" JPEGOptionsFormat="BaselineEncoding" ImageAlignment="AlignLeft" ImageSpaceBefore="0" ImageSpaceAfter="0" UseImagePageBreak="false" ImagePageBreak="PageBreakBefore" CustomImageAlignment="false" SpaceUnit="CssPixel" CustomLayout="false" CustomLayoutType="AlignmentAndSpacing" EpubType="$ID/" SizeType="DefaultSize" CustomSize="$ID/" PreserveAppearanceFromLayout="PreserveAppearanceDefault">
				<Properties>
					<AltMetadataProperty NamespacePrefix="$ID/" PropertyPath="$ID/" />
					<ActualMetadataProperty NamespacePrefix="$ID/" PropertyPath="$ID/" />
				</Properties>
			</ObjectExportOption>
			<TextWrapPreference Inverse="false" ApplyToMasterPageOnly="false" TextWrapSide="BothSides" TextWrapMode="None">
				<Properties>
					<TextWrapOffset Top="0" Left="0" Bottom="0" Right="0" />
				</Properties>
			</TextWrapPreference>
			<InCopyExportOption IncludeGraphicProxies="true" IncludeAllResources="false" />
		</Rectangle>
		<Rectangle Self="u3985" ContentType="GraphicType" StoryTitle="$ID/" OverriddenPageItemProps="" Visible="true" Name="$ID/" BottomLeftCornerOption="RoundedCorner" BottomRightCornerOption="RoundedCorner" TopLeftCornerRadius="5.669291338582678" TopRightCornerRadius="5.669291338582678" BottomLeftCornerRadius="5.669291338582678" BottomRightCornerRadius="5.669291338582678" HorizontalLayoutConstraints="FlexibleDimension FixedDimension FlexibleDimension" VerticalLayoutConstraints="FlexibleDimension FixedDimension FlexibleDimension" CornerRadius="5.669291338582678" StrokeWeight="0" StrokeColor="Swatch/None" GradientFillStart="0 0" GradientFillLength="0" GradientFillAngle="0" GradientStrokeStart="0 0" GradientStrokeLength="0" GradientStrokeAngle="0" ItemLayer="ub3" Locked="false" LocalDisplaySetting="Default" GradientFillHiliteLength="0" GradientFillHiliteAngle="0" GradientStrokeHiliteLength="0" GradientStrokeHiliteAngle="0" AppliedObjectStyle="ObjectStyle/$ID/[Normal Graphics Frame]" ItemTransform="1 0 0 1 -379.60678080968296 -954.9713841863556" ParentInterfaceChangeCount="" TargetInterfaceChangeCount="" LastUpdatedInterfaceChangeCount="">
			<Properties>
				<PathGeometry>
					<GeometryPathType PathOpen="false">
						<PathPointArray>
							<PathPointType Anchor="145.7485130931474 600.6406755249122" LeftDirection="145.7485130931474 600.6406755249122" RightDirection="145.7485130931474 600.6406755249122" />
							<PathPointType Anchor="145.7485130931474 799.3431224101867" LeftDirection="145.7485130931474 799.3431224101867" RightDirection="145.7485130931474 799.3431224101867" />
							<PathPointType Anchor="337.0870957702828 799.3431224101867" LeftDirection="337.0870957702828 799.3431224101867" RightDirection="337.0870957702828 799.3431224101867" />
							<PathPointType Anchor="337.0870957702828 600.6406755249122" LeftDirection="337.0870957702828 600.6406755249122" RightDirection="337.0870957702828 600.6406755249122" />
						</PathPointArray>
					</GeometryPathType>
				</PathGeometry>
			</Properties>
			<FrameFittingOption AutoFit="false" LeftCrop="1386.065340401679" TopCrop="3.637978807091713e-12" RightCrop="1603.6585461801824" BottomCrop="150.74553317697791" FittingOnEmptyFrame="None" FittingAlignment="CenterAnchor" />
			<ObjectExportOption AltTextSourceType="SourceXMLStructure" ActualTextSourceType="SourceXMLStructure" CustomAltText="$ID/" CustomActualText="$ID/" ApplyTagType="TagFromStructure" ImageConversionType="JPEG" ImageExportResolution="Ppi300" GIFOptionsPalette="AdaptivePalette" GIFOptionsInterlaced="true" JPEGOptionsQuality="High" JPEGOptionsFormat="BaselineEncoding" ImageAlignment="AlignLeft" ImageSpaceBefore="0" ImageSpaceAfter="0" UseImagePageBreak="false" ImagePageBreak="PageBreakBefore" CustomImageAlignment="false" SpaceUnit="CssPixel" CustomLayout="false" CustomLayoutType="AlignmentAndSpacing" EpubType="$ID/" SizeType="DefaultSize" CustomSize="$ID/" PreserveAppearanceFromLayout="PreserveAppearanceDefault">
				<Properties>
					<AltMetadataProperty NamespacePrefix="$ID/" PropertyPath="$ID/" />
					<ActualMetadataProperty NamespacePrefix="$ID/" PropertyPath="$ID/" />
				</Properties>
			</ObjectExportOption>
			<TextWrapPreference Inverse="false" ApplyToMasterPageOnly="false" TextWrapSide="BothSides" TextWrapMode="None">
				<Properties>
					<TextWrapOffset Top="0" Left="0" Bottom="0" Right="0" />
				</Properties>
				<ContourOption ContourType="SameAsClipping" IncludeInsideEdges="false" ContourPathName="$ID/" />
			</TextWrapPreference>
			<InCopyExportOption IncludeGraphicProxies="true" IncludeAllResources="false" />
			<Image Self="u3986" Space="$ID/#Links_RGB" ActualPpi="72 72" EffectivePpi="1867 1867" ImageRenderingIntent="UseColorSettings" OverriddenPageItemProps="" LocalDisplaySetting="Default" ImageTypeName="$ID/JPEG" AppliedObjectStyle="ObjectStyle/$ID/[None]" ItemTransform="0.03855863283378172 0 0 0.03855863283378172 92.3037285489684 600.6406755249121" Visible="true" Name="$ID/" HorizontalLayoutConstraints="FlexibleDimension FixedDimension FlexibleDimension" VerticalLayoutConstraints="FlexibleDimension FixedDimension FlexibleDimension" GradientFillStart="0 0" GradientFillLength="0" GradientFillAngle="0" GradientFillHiliteLength="0" GradientFillHiliteAngle="0" ParentInterfaceChangeCount="" TargetInterfaceChangeCount="" LastUpdatedInterfaceChangeCount="">
				<Properties>
					<Profile type="string">$ID/Embedded</Profile>
					<GraphicBounds Left="0" Top="0" Right="7952" Bottom="5304" />
				</Properties>
				<ClippingPathSettings ClippingType="None" InvertPath="false" IncludeInsideEdges="false" RestrictToFrame="false" UseHighResolutionImage="true" Threshold="25" Tolerance="2" InsetFrame="0" AppliedPathName="$ID/" Index="-1" />
				<ImageIOPreference ApplyPhotoshopClippingPath="true" AllowAutoEmbedding="true" AlphaChannelName="$ID/kNoneName" />
				<TextWrapPreference Inverse="false" ApplyToMasterPageOnly="false" TextWrapSide="BothSides" TextWrapMode="None">
					<Properties>
						<TextWrapOffset Top="0" Left="0" Bottom="0" Right="0" />
					</Properties>
					<ContourOption ContourType="SameAsClipping" IncludeInsideEdges="false" ContourPathName="$ID/" />
				</TextWrapPreference>
				<Link Self="u3987" AssetURL="$ID/" AssetID="$ID/" LinkResourceURI="file:/Users/gigi/Dropbox/01%20ongoing%20projects/Liber/Citizen%20Science/Citizen_Science_Guide2021_244X170MM%20Folder/Links/thisisengineering-raeng-HDPbafemBI4-unsplash.jpg" LinkResourceFormat="$ID/JPEG" StoredState="Normal" LinkClassID="35906" LinkClientID="257" LinkResourceModified="false" LinkObjectModified="false" ShowInUI="true" CanEmbed="true" CanUnembed="true" CanPackage="true" ImportPolicy="NoAutoImport" ExportPolicy="NoAutoExport" LinkImportStamp="file 132669346662071184 3689716" LinkImportModificationTime="2021-05-31T13:37:46" LinkImportTime="2021-05-31T14:24:15" LinkResourceSize="0~384cf4" RenditionData="Actual" />
			</Image>
		</Rectangle>
		<TextFrame Self="u24c8" ParentStory="u24cb" PreviousTextFrame="n" NextTextFrame="u24e4" ContentType="TextType" OverriddenPageItemProps="" Visible="true" Name="$ID/" HorizontalLayoutConstraints="FlexibleDimension FixedDimension FlexibleDimension" VerticalLayoutConstraints="FlexibleDimension FixedDimension FlexibleDimension" GradientFillStart="0 0" GradientFillLength="0" GradientFillAngle="0" GradientStrokeStart="0 0" GradientStrokeLength="0" GradientStrokeAngle="0" ItemLayer="ufd" Locked="false" LocalDisplaySetting="Default" GradientFillHiliteLength="0" GradientFillHiliteAngle="0" GradientStrokeHiliteLength="0" GradientStrokeHiliteAngle="0" AppliedObjectStyle="ObjectStyle/$ID/[Normal Text Frame]" ItemTransform="1 0 0 1 -676.9598645391668 -163.68110236208017" ParentInterfaceChangeCount="" TargetInterfaceChangeCount="" LastUpdatedInterfaceChangeCount="">
			<Properties>
				<PathGeometry>
					<GeometryPathType PathOpen="false">
						<PathPointArray>
							<PathPointType Anchor="237.58978579903908 19.86583207995291" LeftDirection="237.58978579903908 19.86583207995291" RightDirection="237.58978579903908 19.86583207995291" />
							<PathPointType Anchor="237.58978579903908 367.09122946699404" LeftDirection="237.58978579903908 367.09122946699404" RightDirection="237.58978579903908 367.09122946699404" />
							<PathPointType Anchor="428.0380903137087 367.09122946699404" LeftDirection="428.0380903137087 367.09122946699404" RightDirection="428.0380903137087 367.09122946699404" />
							<PathPointType Anchor="428.0380903137087 19.86583207995291" LeftDirection="428.0380903137087 19.86583207995291" RightDirection="428.0380903137087 19.86583207995291" />
						</PathPointArray>
					</GeometryPathType>
				</PathGeometry>
			</Properties>
			<ObjectExportOption AltTextSourceType="SourceXMLStructure" ActualTextSourceType="SourceXMLStructure" CustomAltText="$ID/" CustomActualText="$ID/" ApplyTagType="TagFromStructure" ImageConversionType="JPEG" ImageExportResolution="Ppi300" GIFOptionsPalette="AdaptivePalette" GIFOptionsInterlaced="true" JPEGOptionsQuality="High" JPEGOptionsFormat="BaselineEncoding" ImageAlignment="AlignLeft" ImageSpaceBefore="0" ImageSpaceAfter="0" UseImagePageBreak="false" ImagePageBreak="PageBreakBefore" CustomImageAlignment="false" SpaceUnit="CssPixel" CustomLayout="false" CustomLayoutType="AlignmentAndSpacing" EpubType="$ID/" SizeType="DefaultSize" CustomSize="$ID/" PreserveAppearanceFromLayout="PreserveAppearanceDefault">
				<Properties>
					<AltMetadataProperty NamespacePrefix="$ID/" PropertyPath="$ID/" />
					<ActualMetadataProperty NamespacePrefix="$ID/" PropertyPath="$ID/" />
				</Properties>
			</ObjectExportOption>
			<TextFramePreference TextColumnCount="1" TextColumnFixedWidth="190.44830451466964" TextColumnMaxWidth="0" ColumnRuleOverride="false" ColumnRuleOffset="0" ColumnRuleTopInset="0" ColumnRuleInsetChainOverride="true" ColumnRuleBottomInset="0" ColumnRuleStrokeWidth="1" ColumnRuleStrokeColor="Color/Black" ColumnRuleStrokeType="StrokeStyle/$ID/Solid" ColumnRuleStrokeTint="100" ColumnRuleOverprintOverride="false">
				<Properties>
					<InsetSpacing type="list">
						<ListItem type="unit">0</ListItem>
						<ListItem type="unit">0</ListItem>
						<ListItem type="unit">0</ListItem>
						<ListItem type="unit">0</ListItem>
					</InsetSpacing>
				</Properties>
			</TextFramePreference>
			<TextWrapPreference Inverse="false" ApplyToMasterPageOnly="false" TextWrapSide="BothSides" TextWrapMode="None">
				<Properties>
					<TextWrapOffset Top="0" Left="0" Bottom="0" Right="0" />
				</Properties>
			</TextWrapPreference>
		</TextFrame>
		<TextFrame Self="u24e4" ParentStory="u24cb" PreviousTextFrame="u24c8" NextTextFrame="n" ContentType="TextType" OverriddenPageItemProps="" Visible="true" Name="$ID/" HorizontalLayoutConstraints="FlexibleDimension FixedDimension FlexibleDimension" VerticalLayoutConstraints="FlexibleDimension FixedDimension FlexibleDimension" GradientFillStart="0 0" GradientFillLength="0" GradientFillAngle="0" GradientStrokeStart="0 0" GradientStrokeLength="0" GradientStrokeAngle="0" ItemLayer="ufd" Locked="false" LocalDisplaySetting="Default" GradientFillHiliteLength="0" GradientFillHiliteAngle="0" GradientStrokeHiliteLength="0" GradientStrokeHiliteAngle="0" AppliedObjectStyle="ObjectStyle/$ID/[Normal Text Frame]" ItemTransform="1 0 0 1 -411.6482440921677 -46.93307086601578" ParentInterfaceChangeCount="" TargetInterfaceChangeCount="" LastUpdatedInterfaceChangeCount="">
			<Properties>
				<PathGeometry>
					<GeometryPathType PathOpen="false">
						<PathPointArray>
							<PathPointType Anchor="178.68025453809793 -70.43276121386367" LeftDirection="178.68025453809793 -70.43276121386367" RightDirection="178.68025453809793 -70.43276121386367" />
							<PathPointType Anchor="178.68025453809793 329.10458875213754" LeftDirection="178.68025453809793 329.10458875213754" RightDirection="178.68025453809793 329.10458875213754" />
							<PathPointType Anchor="367.70957163298715 329.10458875213754" LeftDirection="367.70957163298715 329.10458875213754" RightDirection="367.70957163298715 329.10458875213754" />
							<PathPointType Anchor="367.70957163298715 -70.43276121386367" LeftDirection="367.70957163298715 -70.43276121386367" RightDirection="367.70957163298715 -70.43276121386367" />
						</PathPointArray>
					</GeometryPathType>
				</PathGeometry>
			</Properties>
			<ObjectExportOption AltTextSourceType="SourceXMLStructure" ActualTextSourceType="SourceXMLStructure" CustomAltText="$ID/" CustomActualText="$ID/" ApplyTagType="TagFromStructure" ImageConversionType="JPEG" ImageExportResolution="Ppi300" GIFOptionsPalette="AdaptivePalette" GIFOptionsInterlaced="true" JPEGOptionsQuality="High" JPEGOptionsFormat="BaselineEncoding" ImageAlignment="AlignLeft" ImageSpaceBefore="0" ImageSpaceAfter="0" UseImagePageBreak="false" ImagePageBreak="PageBreakBefore" CustomImageAlignment="false" SpaceUnit="CssPixel" CustomLayout="false" CustomLayoutType="AlignmentAndSpacing" EpubType="$ID/" SizeType="DefaultSize" CustomSize="$ID/" PreserveAppearanceFromLayout="PreserveAppearanceDefault">
				<Properties>
					<AltMetadataProperty NamespacePrefix="$ID/" PropertyPath="$ID/" />
					<ActualMetadataProperty NamespacePrefix="$ID/" PropertyPath="$ID/" />
				</Properties>
			</ObjectExportOption>
			<TextFramePreference TextColumnCount="1" TextColumnFixedWidth="189.02931709488922" TextColumnMaxWidth="0" ColumnRuleOverride="false" ColumnRuleOffset="0" ColumnRuleTopInset="0" ColumnRuleInsetChainOverride="true" ColumnRuleBottomInset="0" ColumnRuleStrokeWidth="1" ColumnRuleStrokeColor="Color/Black" ColumnRuleStrokeType="StrokeStyle/$ID/Solid" ColumnRuleStrokeTint="100" ColumnRuleOverprintOverride="false">
				<Properties>
					<InsetSpacing type="list">
						<ListItem type="unit">0</ListItem>
						<ListItem type="unit">0</ListItem>
						<ListItem type="unit">0</ListItem>
						<ListItem type="unit">0</ListItem>
					</InsetSpacing>
				</Properties>
			</TextFramePreference>
			<TextWrapPreference Inverse="false" ApplyToMasterPageOnly="false" TextWrapSide="BothSides" TextWrapMode="None">
				<Properties>
					<TextWrapOffset Top="0" Left="0" Bottom="0" Right="0" />
				</Properties>
			</TextWrapPreference>
		</TextFrame>
		<TextFrame Self="u24e8" ParentStory="u24eb" PreviousTextFrame="n" NextTextFrame="u373a" ContentType="TextType" OverriddenPageItemProps="" Visible="true" Name="$ID/" HorizontalLayoutConstraints="FlexibleDimension FixedDimension FlexibleDimension" VerticalLayoutConstraints="FlexibleDimension FixedDimension FlexibleDimension" GradientFillStart="0 0" GradientFillLength="0" GradientFillAngle="0" GradientStrokeStart="0 0" GradientStrokeLength="0" GradientStrokeAngle="0" ItemLayer="ufd" Locked="false" LocalDisplaySetting="Default" GradientFillHiliteLength="0" GradientFillHiliteAngle="0" GradientStrokeHiliteLength="0" GradientStrokeHiliteAngle="0" AppliedObjectStyle="ObjectStyle/$ID/[Normal Text Frame]" ItemTransform="1 0 0 1 -547.1216906333841 120.23228346469175" ParentInterfaceChangeCount="" TargetInterfaceChangeCount="" LastUpdatedInterfaceChangeCount="">
			<Properties>
				<PathGeometry>
					<GeometryPathType PathOpen="false">
						<PathPointArray>
							<PathPointType Anchor="107.75161189325635 -255.2310743460703" LeftDirection="107.75161189325635 -255.2310743460703" RightDirection="107.75161189325635 -255.2310743460703" />
							<PathPointType Anchor="107.75161189325635 -172.20078740211466" LeftDirection="107.75161189325635 -172.20078740211466" RightDirection="107.75161189325635 -172.20078740211466" />
							<PathPointType Anchor="504.60200559398385 -172.20078740211466" LeftDirection="504.60200559398385 -172.20078740211466" RightDirection="504.60200559398385 -172.20078740211466" />
							<PathPointType Anchor="504.60200559398385 -255.2310743460703" LeftDirection="504.60200559398385 -255.2310743460703" RightDirection="504.60200559398385 -255.2310743460703" />
						</PathPointArray>
					</GeometryPathType>
				</PathGeometry>
			</Properties>
			<ObjectExportOption AltTextSourceType="SourceXMLStructure" ActualTextSourceType="SourceXMLStructure" CustomAltText="$ID/" CustomActualText="$ID/" ApplyTagType="TagFromStructure" ImageConversionType="JPEG" ImageExportResolution="Ppi300" GIFOptionsPalette="AdaptivePalette" GIFOptionsInterlaced="true" JPEGOptionsQuality="High" JPEGOptionsFormat="BaselineEncoding" ImageAlignment="AlignLeft" ImageSpaceBefore="0" ImageSpaceAfter="0" UseImagePageBreak="false" ImagePageBreak="PageBreakBefore" CustomImageAlignment="false" SpaceUnit="CssPixel" CustomLayout="false" CustomLayoutType="AlignmentAndSpacing" EpubType="$ID/" SizeType="DefaultSize" CustomSize="$ID/" PreserveAppearanceFromLayout="PreserveAppearanceDefault">
				<Properties>
					<AltMetadataProperty NamespacePrefix="$ID/" PropertyPath="$ID/" />
					<ActualMetadataProperty NamespacePrefix="$ID/" PropertyPath="$ID/" />
				</Properties>
			</ObjectExportOption>
			<TextFramePreference TextColumnCount="1" TextColumnFixedWidth="396.8503937007275" TextColumnMaxWidth="0" ColumnRuleOverride="false" ColumnRuleOffset="0" ColumnRuleTopInset="0" ColumnRuleInsetChainOverride="true" ColumnRuleBottomInset="0" ColumnRuleStrokeWidth="1" ColumnRuleStrokeColor="Color/Black" ColumnRuleStrokeType="StrokeStyle/$ID/Solid" ColumnRuleStrokeTint="100" ColumnRuleOverprintOverride="false">
				<Properties>
					<InsetSpacing type="list">
						<ListItem type="unit">0</ListItem>
						<ListItem type="unit">0</ListItem>
						<ListItem type="unit">0</ListItem>
						<ListItem type="unit">0</ListItem>
					</InsetSpacing>
				</Properties>
			</TextFramePreference>
			<TextWrapPreference Inverse="false" ApplyToMasterPageOnly="false" TextWrapSide="BothSides" TextWrapMode="None">
				<Properties>
					<TextWrapOffset Top="0" Left="0" Bottom="0" Right="0" />
				</Properties>
			</TextWrapPreference>
		</TextFrame>
		<TextFrame Self="u24ff" ParentStory="u24eb" PreviousTextFrame="u373a" NextTextFrame="u301f" ContentType="TextType" OverriddenPageItemProps="" Visible="true" Name="$ID/" HorizontalLayoutConstraints="FlexibleDimension FixedDimension FlexibleDimension" VerticalLayoutConstraints="FlexibleDimension FixedDimension FlexibleDimension" GradientFillStart="0 0" GradientFillLength="0" GradientFillAngle="0" GradientStrokeStart="0 0" GradientStrokeLength="0" GradientStrokeAngle="0" ItemLayer="ufd" Locked="false" LocalDisplaySetting="Default" GradientFillHiliteLength="0" GradientFillHiliteAngle="0" GradientStrokeHiliteLength="0" GradientStrokeHiliteAngle="0" AppliedObjectStyle="ObjectStyle/$ID/[Normal Text Frame]" ItemTransform="1 0 0 1 -411.6984496204675 -139.9153543306548" ParentInterfaceChangeCount="" TargetInterfaceChangeCount="" LastUpdatedInterfaceChangeCount="">
			<Properties>
				<PathGeometry>
					<GeometryPathType PathOpen="false">
						<PathPointArray>
							<PathPointType Anchor="177.84018190393198 105.08858267711189" LeftDirection="177.84018190393198 105.08858267711189" RightDirection="177.84018190393198 105.08858267711189" />
							<PathPointType Anchor="177.84018190393198 386.8366141735915" LeftDirection="177.84018190393198 386.8366141735915" RightDirection="177.84018190393198 386.8366141735915" />
							<PathPointType Anchor="369.1787645810674 386.8366141735915" LeftDirection="369.1787645810674 386.8366141735915" RightDirection="369.1787645810674 386.8366141735915" />
							<PathPointType Anchor="369.1787645810674 105.08858267711189" LeftDirection="369.1787645810674 105.08858267711189" RightDirection="369.1787645810674 105.08858267711189" />
						</PathPointArray>
					</GeometryPathType>
				</PathGeometry>
			</Properties>
			<ObjectExportOption AltTextSourceType="SourceXMLStructure" ActualTextSourceType="SourceXMLStructure" CustomAltText="$ID/" CustomActualText="$ID/" ApplyTagType="TagFromStructure" ImageConversionType="JPEG" ImageExportResolution="Ppi300" GIFOptionsPalette="AdaptivePalette" GIFOptionsInterlaced="true" JPEGOptionsQuality="High" JPEGOptionsFormat="BaselineEncoding" ImageAlignment="AlignLeft" ImageSpaceBefore="0" ImageSpaceAfter="0" UseImagePageBreak="false" ImagePageBreak="PageBreakBefore" CustomImageAlignment="false" SpaceUnit="CssPixel" CustomLayout="false" CustomLayoutType="AlignmentAndSpacing" EpubType="$ID/" SizeType="DefaultSize" CustomSize="$ID/" PreserveAppearanceFromLayout="PreserveAppearanceDefault">
				<Properties>
					<AltMetadataProperty NamespacePrefix="$ID/" PropertyPath="$ID/" />
					<ActualMetadataProperty NamespacePrefix="$ID/" PropertyPath="$ID/" />
				</Properties>
			</ObjectExportOption>
			<TextFramePreference TextColumnCount="1" TextColumnFixedWidth="191.33858267713543" TextColumnMaxWidth="0" ColumnRuleOverride="false" ColumnRuleOffset="0" ColumnRuleTopInset="0" ColumnRuleInsetChainOverride="true" ColumnRuleBottomInset="0" ColumnRuleStrokeWidth="1" ColumnRuleStrokeColor="Color/Black" ColumnRuleStrokeType="StrokeStyle/$ID/Solid" ColumnRuleStrokeTint="100" ColumnRuleOverprintOverride="false">
				<Properties>
					<InsetSpacing type="list">
						<ListItem type="unit">0</ListItem>
						<ListItem type="unit">0</ListItem>
						<ListItem type="unit">0</ListItem>
						<ListItem type="unit">0</ListItem>
					</InsetSpacing>
				</Properties>
			</TextFramePreference>
			<TextWrapPreference Inverse="false" ApplyToMasterPageOnly="false" TextWrapSide="BothSides" TextWrapMode="None">
				<Properties>
					<TextWrapOffset Top="0" Left="0" Bottom="0" Right="0" />
				</Properties>
			</TextWrapPreference>
		</TextFrame>
		<TextFrame Self="u2503" ParentStory="u2506" PreviousTextFrame="n" NextTextFrame="n" ContentType="TextType" OverriddenPageItemProps="" Visible="true" Name="$ID/" HorizontalLayoutConstraints="FlexibleDimension FixedDimension FlexibleDimension" VerticalLayoutConstraints="FlexibleDimension FixedDimension FlexibleDimension" GradientFillStart="0 0" GradientFillLength="0" GradientFillAngle="0" GradientStrokeStart="0 0" GradientStrokeLength="0" GradientStrokeAngle="0" ItemLayer="ufd" Locked="false" LocalDisplaySetting="Default" GradientFillHiliteLength="0" GradientFillHiliteAngle="0" GradientStrokeHiliteLength="0" GradientStrokeHiliteAngle="0" AppliedObjectStyle="ObjectStyle/$ID/[Normal Text Frame]" ItemTransform="1 0 0 1 -206.16753736257266 208.9784549223401" ParentInterfaceChangeCount="" TargetInterfaceChangeCount="" LastUpdatedInterfaceChangeCount="">
			<Properties>
				<PathGeometry>
					<GeometryPathType PathOpen="false">
						<PathPointArray>
							<PathPointType Anchor="-233.20254137755506 52.48245874045236" LeftDirection="-233.20254137755506 52.48245874045236" RightDirection="-233.20254137755506 52.48245874045236" />
							<PathPointType Anchor="-233.20254137755506 103.38895490987224" LeftDirection="-233.20254137755506 103.38895490987224" RightDirection="-233.20254137755506 103.38895490987224" />
							<PathPointType Anchor="147.58486019721846 103.38895490987224" LeftDirection="147.58486019721846 103.38895490987224" RightDirection="147.58486019721846 103.38895490987224" />
							<PathPointType Anchor="147.58486019721846 52.48245874045236" LeftDirection="147.58486019721846 52.48245874045236" RightDirection="147.58486019721846 52.48245874045236" />
						</PathPointArray>
					</GeometryPathType>
				</PathGeometry>
			</Properties>
			<ObjectExportOption AltTextSourceType="SourceXMLStructure" ActualTextSourceType="SourceXMLStructure" CustomAltText="$ID/" CustomActualText="$ID/" ApplyTagType="TagFromStructure" ImageConversionType="JPEG" ImageExportResolution="Ppi300" GIFOptionsPalette="AdaptivePalette" GIFOptionsInterlaced="true" JPEGOptionsQuality="High" JPEGOptionsFormat="BaselineEncoding" ImageAlignment="AlignLeft" ImageSpaceBefore="0" ImageSpaceAfter="0" UseImagePageBreak="false" ImagePageBreak="PageBreakBefore" CustomImageAlignment="false" SpaceUnit="CssPixel" CustomLayout="false" CustomLayoutType="AlignmentAndSpacing" EpubType="$ID/" SizeType="DefaultSize" CustomSize="$ID/" PreserveAppearanceFromLayout="PreserveAppearanceDefault">
				<Properties>
					<AltMetadataProperty NamespacePrefix="$ID/" PropertyPath="$ID/" />
					<ActualMetadataProperty NamespacePrefix="$ID/" PropertyPath="$ID/" />
				</Properties>
			</ObjectExportOption>
			<TextFramePreference TextColumnCount="1" TextColumnFixedWidth="380.7874015747735" TextColumnMaxWidth="0" ColumnRuleOverride="false" ColumnRuleOffset="0" ColumnRuleTopInset="0" ColumnRuleInsetChainOverride="true" ColumnRuleBottomInset="0" ColumnRuleStrokeWidth="1" ColumnRuleStrokeColor="Color/Black" ColumnRuleStrokeType="StrokeStyle/$ID/Solid" ColumnRuleStrokeTint="100" ColumnRuleOverprintOverride="false">
				<Properties>
					<InsetSpacing type="list">
						<ListItem type="unit">0</ListItem>
						<ListItem type="unit">0</ListItem>
						<ListItem type="unit">0</ListItem>
						<ListItem type="unit">0</ListItem>
					</InsetSpacing>
				</Properties>
			</TextFramePreference>
			<TextWrapPreference Inverse="false" ApplyToMasterPageOnly="false" TextWrapSide="BothSides" TextWrapMode="None">
				<Properties>
					<TextWrapOffset Top="0" Left="0" Bottom="0" Right="0" />
				</Properties>
			</TextWrapPreference>
		</TextFrame>
		<TextFrame Self="u253c" ParentStory="u253f" PreviousTextFrame="n" NextTextFrame="n" ContentType="TextType" OverriddenPageItemProps="" Visible="true" Name="$ID/" HorizontalLayoutConstraints="FlexibleDimension FixedDimension FlexibleDimension" VerticalLayoutConstraints="FlexibleDimension FixedDimension FlexibleDimension" GradientFillStart="0 0" GradientFillLength="0" GradientFillAngle="0" GradientStrokeStart="0 0" GradientStrokeLength="0" GradientStrokeAngle="0" ItemLayer="ufd" Locked="false" LocalDisplaySetting="Default" GradientFillHiliteLength="0" GradientFillHiliteAngle="0" GradientStrokeHiliteLength="0" GradientStrokeHiliteAngle="0" AppliedObjectStyle="ObjectStyle/$ID/[Normal Text Frame]" ItemTransform="1 0 0 1 -473.67617615635584 -153.95099412209586" ParentInterfaceChangeCount="" TargetInterfaceChangeCount="" LastUpdatedInterfaceChangeCount="">
			<Properties>
				<PathGeometry>
					<GeometryPathType PathOpen="false">
						<PathPointArray>
							<PathPointType Anchor="34.3060974162281 -154.0805019413133" LeftDirection="34.3060974162281 -154.0805019413133" RightDirection="34.3060974162281 -154.0805019413133" />
							<PathPointType Anchor="34.3060974162281 7.709093109297399" LeftDirection="34.3060974162281 7.709093109297399" RightDirection="34.3060974162281 7.709093109297399" />
							<PathPointType Anchor="225.64468009336366 7.709093109297399" LeftDirection="225.64468009336366 7.709093109297399" RightDirection="225.64468009336366 7.709093109297399" />
							<PathPointType Anchor="225.64468009336366 -154.0805019413133" LeftDirection="225.64468009336366 -154.0805019413133" RightDirection="225.64468009336366 -154.0805019413133" />
						</PathPointArray>
					</GeometryPathType>
				</PathGeometry>
			</Properties>
			<ObjectExportOption AltTextSourceType="SourceXMLStructure" ActualTextSourceType="SourceXMLStructure" CustomAltText="$ID/" CustomActualText="$ID/" ApplyTagType="TagFromStructure" ImageConversionType="JPEG" ImageExportResolution="Ppi300" GIFOptionsPalette="AdaptivePalette" GIFOptionsInterlaced="true" JPEGOptionsQuality="High" JPEGOptionsFormat="BaselineEncoding" ImageAlignment="AlignLeft" ImageSpaceBefore="0" ImageSpaceAfter="0" UseImagePageBreak="false" ImagePageBreak="PageBreakBefore" CustomImageAlignment="false" SpaceUnit="CssPixel" CustomLayout="false" CustomLayoutType="AlignmentAndSpacing" EpubType="$ID/" SizeType="DefaultSize" CustomSize="$ID/" PreserveAppearanceFromLayout="PreserveAppearanceDefault">
				<Properties>
					<AltMetadataProperty NamespacePrefix="$ID/" PropertyPath="$ID/" />
					<ActualMetadataProperty NamespacePrefix="$ID/" PropertyPath="$ID/" />
				</Properties>
			</ObjectExportOption>
			<TextFramePreference TextColumnCount="1" TextColumnFixedWidth="191.33858267713555" TextColumnMaxWidth="0" ColumnRuleOverride="false" ColumnRuleOffset="0" ColumnRuleTopInset="0" ColumnRuleInsetChainOverride="true" ColumnRuleBottomInset="0" ColumnRuleStrokeWidth="1" ColumnRuleStrokeColor="Color/Black" ColumnRuleStrokeType="StrokeStyle/$ID/Solid" ColumnRuleStrokeTint="100" ColumnRuleOverprintOverride="false">
				<Properties>
					<InsetSpacing type="list">
						<ListItem type="unit">0</ListItem>
						<ListItem type="unit">0</ListItem>
						<ListItem type="unit">0</ListItem>
						<ListItem type="unit">0</ListItem>
					</InsetSpacing>
				</Properties>
			</TextFramePreference>
			<TextWrapPreference Inverse="false" ApplyToMasterPageOnly="false" TextWrapSide="BothSides" TextWrapMode="None">
				<Properties>
					<TextWrapOffset Top="0" Left="0" Bottom="0" Right="0" />
				</Properties>
			</TextWrapPreference>
		</TextFrame>
		<TextFrame Self="u301f" ParentStory="u24eb" PreviousTextFrame="u24ff" NextTextFrame="u3026" ContentType="TextType" OverriddenPageItemProps="" Visible="true" Name="$ID/" HorizontalLayoutConstraints="FlexibleDimension FixedDimension FlexibleDimension" VerticalLayoutConstraints="FlexibleDimension FixedDimension FlexibleDimension" GradientFillStart="0 0" GradientFillLength="0" GradientFillAngle="0" GradientStrokeStart="0 0" GradientStrokeLength="0" GradientStrokeAngle="0" ItemLayer="ufd" Locked="false" LocalDisplaySetting="Default" GradientFillHiliteLength="0" GradientFillHiliteAngle="0" GradientStrokeHiliteLength="0" GradientStrokeHiliteAngle="0" AppliedObjectStyle="ObjectStyle/$ID/[Normal Text Frame]" ItemTransform="1 0 0 1 58.07450175191651 -166.90181072871562" ParentInterfaceChangeCount="" TargetInterfaceChangeCount="" LastUpdatedInterfaceChangeCount="">
			<Properties>
				<PathGeometry>
					<GeometryPathType PathOpen="false">
						<PathPointArray>
							<PathPointType Anchor="-15.554816712516413 -98.92496092482723" LeftDirection="-15.554816712516413 -98.92496092482723" RightDirection="-15.554816712516413 -98.92496092482723" />
							<PathPointType Anchor="-15.554816712516413 360.5789760830503" LeftDirection="-15.554816712516413 360.5789760830503" RightDirection="-15.554816712516413 360.5789760830503" />
							<PathPointType Anchor="175.78376596461896 360.5789760830503" LeftDirection="175.78376596461896 360.5789760830503" RightDirection="175.78376596461896 360.5789760830503" />
							<PathPointType Anchor="175.78376596461896 -98.92496092482723" LeftDirection="175.78376596461896 -98.92496092482723" RightDirection="175.78376596461896 -98.92496092482723" />
						</PathPointArray>
					</GeometryPathType>
				</PathGeometry>
			</Properties>
			<ObjectExportOption AltTextSourceType="SourceXMLStructure" ActualTextSourceType="SourceXMLStructure" CustomAltText="$ID/" CustomActualText="$ID/" ApplyTagType="TagFromStructure" ImageConversionType="JPEG" ImageExportResolution="Ppi300" GIFOptionsPalette="AdaptivePalette" GIFOptionsInterlaced="true" JPEGOptionsQuality="High" JPEGOptionsFormat="BaselineEncoding" ImageAlignment="AlignLeft" ImageSpaceBefore="0" ImageSpaceAfter="0" UseImagePageBreak="false" ImagePageBreak="PageBreakBefore" CustomImageAlignment="false" SpaceUnit="CssPixel" CustomLayout="false" CustomLayoutType="AlignmentAndSpacing" EpubType="$ID/" SizeType="DefaultSize" CustomSize="$ID/" PreserveAppearanceFromLayout="PreserveAppearanceDefault">
				<Properties>
					<AltMetadataProperty NamespacePrefix="$ID/" PropertyPath="$ID/" />
					<ActualMetadataProperty NamespacePrefix="$ID/" PropertyPath="$ID/" />
				</Properties>
			</ObjectExportOption>
			<TextFramePreference TextColumnCount="1" TextColumnFixedWidth="191.33858267713538" TextColumnMaxWidth="0" ColumnRuleOverride="false" ColumnRuleOffset="0" ColumnRuleTopInset="0" ColumnRuleInsetChainOverride="true" ColumnRuleBottomInset="0" ColumnRuleStrokeWidth="1" ColumnRuleStrokeColor="Color/LIBER CMYK Yellow" ColumnRuleStrokeType="StrokeStyle/$ID/Solid" ColumnRuleStrokeTint="100" ColumnRuleOverprintOverride="false">
				<Properties>
					<InsetSpacing type="list">
						<ListItem type="unit">0</ListItem>
						<ListItem type="unit">0</ListItem>
						<ListItem type="unit">0</ListItem>
						<ListItem type="unit">0</ListItem>
					</InsetSpacing>
				</Properties>
			</TextFramePreference>
			<TextWrapPreference Inverse="false" ApplyToMasterPageOnly="false" TextWrapSide="BothSides" TextWrapMode="None">
				<Properties>
					<TextWrapOffset Top="0" Left="0" Bottom="0" Right="0" />
				</Properties>
			</TextWrapPreference>
		</TextFrame>
		<TextFrame Self="u3026" ParentStory="u24eb" PreviousTextFrame="u301f" NextTextFrame="n" ContentType="TextType" OverriddenPageItemProps="" Visible="true" Name="$ID/" HorizontalLayoutConstraints="FlexibleDimension FixedDimension FlexibleDimension" VerticalLayoutConstraints="FlexibleDimension FixedDimension FlexibleDimension" GradientFillStart="0 0" GradientFillLength="0" GradientFillAngle="0" GradientStrokeStart="0 0" GradientStrokeLength="0" GradientStrokeAngle="0" ItemLayer="ufd" Locked="false" LocalDisplaySetting="Default" GradientFillHiliteLength="0" GradientFillHiliteAngle="0" GradientStrokeHiliteLength="0" GradientStrokeHiliteAngle="0" AppliedObjectStyle="ObjectStyle/$ID/[Normal Text Frame]" ItemTransform="1 0 0 1 373.48647477678975 -8.853428993664409" ParentInterfaceChangeCount="" TargetInterfaceChangeCount="" LastUpdatedInterfaceChangeCount="">
			<Properties>
				<PathGeometry>
					<GeometryPathType PathOpen="false">
						<PathPointArray>
							<PathPointType Anchor="-125.4549787137975 18.026657340121343" LeftDirection="-125.4549787137975 18.026657340121343" RightDirection="-125.4549787137975 18.026657340121343" />
							<PathPointType Anchor="-125.4549787137975 205.02665734012146" LeftDirection="-125.4549787137975 205.02665734012146" RightDirection="-125.4549787137975 205.02665734012146" />
							<PathPointType Anchor="65.883603963338 205.02665734012146" LeftDirection="65.883603963338 205.02665734012146" RightDirection="65.883603963338 205.02665734012146" />
							<PathPointType Anchor="65.883603963338 18.026657340121343" LeftDirection="65.883603963338 18.026657340121343" RightDirection="65.883603963338 18.026657340121343" />
						</PathPointArray>
					</GeometryPathType>
				</PathGeometry>
			</Properties>
			<ObjectExportOption AltTextSourceType="SourceXMLStructure" ActualTextSourceType="SourceXMLStructure" CustomAltText="$ID/" CustomActualText="$ID/" ApplyTagType="TagFromStructure" ImageConversionType="JPEG" ImageExportResolution="Ppi300" GIFOptionsPalette="AdaptivePalette" GIFOptionsInterlaced="true" JPEGOptionsQuality="High" JPEGOptionsFormat="BaselineEncoding" ImageAlignment="AlignLeft" ImageSpaceBefore="0" ImageSpaceAfter="0" UseImagePageBreak="false" ImagePageBreak="PageBreakBefore" CustomImageAlignment="false" SpaceUnit="CssPixel" CustomLayout="false" CustomLayoutType="AlignmentAndSpacing" EpubType="$ID/" SizeType="DefaultSize" CustomSize="$ID/" PreserveAppearanceFromLayout="PreserveAppearanceDefault">
				<Properties>
					<AltMetadataProperty NamespacePrefix="$ID/" PropertyPath="$ID/" />
					<ActualMetadataProperty NamespacePrefix="$ID/" PropertyPath="$ID/" />
				</Properties>
			</ObjectExportOption>
			<TextFramePreference TextColumnCount="1" TextColumnFixedWidth="191.3385826771355" TextColumnMaxWidth="0" ColumnRuleOverride="false" ColumnRuleOffset="0" ColumnRuleTopInset="0" ColumnRuleInsetChainOverride="true" ColumnRuleBottomInset="0" ColumnRuleStrokeWidth="1" ColumnRuleStrokeColor="Color/LIBER CMYK Yellow" ColumnRuleStrokeType="StrokeStyle/$ID/Solid" ColumnRuleStrokeTint="100" ColumnRuleOverprintOverride="false">
				<Properties>
					<InsetSpacing type="list">
						<ListItem type="unit">0</ListItem>
						<ListItem type="unit">0</ListItem>
						<ListItem type="unit">0</ListItem>
						<ListItem type="unit">0</ListItem>
					</InsetSpacing>
				</Properties>
			</TextFramePreference>
			<TextWrapPreference Inverse="false" ApplyToMasterPageOnly="false" TextWrapSide="BothSides" TextWrapMode="None">
				<Properties>
					<TextWrapOffset Top="0" Left="0" Bottom="0" Right="0" />
				</Properties>
			</TextWrapPreference>
		</TextFrame>
		<TextFrame Self="u373a" ParentStory="u24eb" PreviousTextFrame="u24e8" NextTextFrame="u24ff" ContentType="TextType" OverriddenPageItemProps="" Visible="true" Name="$ID/" HorizontalLayoutConstraints="FlexibleDimension FixedDimension FlexibleDimension" VerticalLayoutConstraints="FlexibleDimension FixedDimension FlexibleDimension" GradientFillStart="0 0" GradientFillLength="0" GradientFillAngle="0" GradientStrokeStart="0 0" GradientStrokeLength="0" GradientStrokeAngle="0" ItemLayer="ufd" Locked="false" LocalDisplaySetting="Default" GradientFillHiliteLength="0" GradientFillHiliteAngle="0" GradientStrokeHiliteLength="0" GradientStrokeHiliteAngle="0" AppliedObjectStyle="ObjectStyle/$ID/[Normal Text Frame]" ItemTransform="1 0 0 1 -438.87007874012767 -34.32677165354289" ParentInterfaceChangeCount="" TargetInterfaceChangeCount="" LastUpdatedInterfaceChangeCount="">
			<Properties>
				<PathGeometry>
					<GeometryPathType PathOpen="false">
						<PathPointArray>
							<PathPointType Anchor="-0.5 -7.248031496479624" LeftDirection="-0.5 -7.248031496479624" RightDirection="-0.5 -7.248031496479624" />
							<PathPointType Anchor="-0.5 274.5" LeftDirection="-0.5 274.5" RightDirection="-0.5 274.5" />
							<PathPointType Anchor="190.8385826771355 274.5" LeftDirection="190.8385826771355 274.5" RightDirection="190.8385826771355 274.5" />
							<PathPointType Anchor="190.8385826771355 -7.248031496479624" LeftDirection="190.8385826771355 -7.248031496479624" RightDirection="190.8385826771355 -7.248031496479624" />
						</PathPointArray>
					</GeometryPathType>
				</PathGeometry>
			</Properties>
			<ObjectExportOption AltTextSourceType="SourceXMLStructure" ActualTextSourceType="SourceXMLStructure" CustomAltText="$ID/" CustomActualText="$ID/" ApplyTagType="TagFromStructure" ImageConversionType="JPEG" ImageExportResolution="Ppi300" GIFOptionsPalette="AdaptivePalette" GIFOptionsInterlaced="true" JPEGOptionsQuality="High" JPEGOptionsFormat="BaselineEncoding" ImageAlignment="AlignLeft" ImageSpaceBefore="0" ImageSpaceAfter="0" UseImagePageBreak="false" ImagePageBreak="PageBreakBefore" CustomImageAlignment="false" SpaceUnit="CssPixel" CustomLayout="false" CustomLayoutType="AlignmentAndSpacing" EpubType="$ID/" SizeType="DefaultSize" CustomSize="$ID/" PreserveAppearanceFromLayout="PreserveAppearanceDefault">
				<Properties>
					<AltMetadataProperty NamespacePrefix="$ID/" PropertyPath="$ID/" />
					<ActualMetadataProperty NamespacePrefix="$ID/" PropertyPath="$ID/" />
				</Properties>
			</ObjectExportOption>
			<TextFramePreference TextColumnCount="1" TextColumnFixedWidth="191.3385826771355" TextColumnMaxWidth="0" ColumnRuleOverride="false" ColumnRuleOffset="0" ColumnRuleTopInset="0" ColumnRuleInsetChainOverride="true" ColumnRuleBottomInset="0" ColumnRuleStrokeWidth="1" ColumnRuleStrokeColor="Color/LIBER CMYK Yellow" ColumnRuleStrokeType="StrokeStyle/$ID/Solid" ColumnRuleStrokeTint="100" ColumnRuleOverprintOverride="false">
				<Properties>
					<InsetSpacing type="list">
						<ListItem type="unit">0</ListItem>
						<ListItem type="unit">0</ListItem>
						<ListItem type="unit">0</ListItem>
						<ListItem type="unit">0</ListItem>
					</InsetSpacing>
				</Properties>
			</TextFramePreference>
			<TextWrapPreference Inverse="false" ApplyToMasterPageOnly="false" TextWrapSide="BothSides" TextWrapMode="None">
				<Properties>
					<TextWrapOffset Top="0" Left="0" Bottom="0" Right="0" />
				</Properties>
			</TextWrapPreference>
		</TextFrame>
		<TextFrame Self="u1ad5" ParentStory="u1ac3" PreviousTextFrame="n" NextTextFrame="n" ContentType="TextType" OverriddenPageItemProps="" Visible="true" Name="$ID/" HorizontalLayoutConstraints="FlexibleDimension FixedDimension FlexibleDimension" VerticalLayoutConstraints="FlexibleDimension FixedDimension FlexibleDimension" GradientFillStart="0 0" GradientFillLength="0" GradientFillAngle="0" GradientStrokeStart="0 0" GradientStrokeLength="0" GradientStrokeAngle="0" ItemLayer="ufd" Locked="false" LocalDisplaySetting="Default" GradientFillHiliteLength="0" GradientFillHiliteAngle="0" GradientStrokeHiliteLength="0" GradientStrokeHiliteAngle="0" AppliedObjectStyle="ObjectStyle/$ID/[Normal Text Frame]" ItemTransform="1 0 0 1 405.35479464744174 336.62408018645965" ParentInterfaceChangeCount="" TargetInterfaceChangeCount="" LastUpdatedInterfaceChangeCount="">
			<Properties>
				<PathGeometry>
					<GeometryPathType PathOpen="false">
						<PathPointArray>
							<PathPointType Anchor="-362.83510960807183 -152.86817467464903" LeftDirection="-362.83510960807183 -152.86817467464903" RightDirection="-362.83510960807183 -152.86817467464903" />
							<PathPointType Anchor="-362.83510960807183 13.427100915929422" LeftDirection="-362.83510960807183 13.427100915929422" RightDirection="-362.83510960807183 13.427100915929422" />
							<PathPointType Anchor="49.13339432890612 13.427100915929422" LeftDirection="49.13339432890612 13.427100915929422" RightDirection="49.13339432890612 13.427100915929422" />
							<PathPointType Anchor="49.13339432890612 -152.86817467464903" LeftDirection="49.13339432890612 -152.86817467464903" RightDirection="49.13339432890612 -152.86817467464903" />
						</PathPointArray>
					</GeometryPathType>
				</PathGeometry>
			</Properties>
			<ObjectExportOption AltTextSourceType="SourceXMLStructure" ActualTextSourceType="SourceXMLStructure" CustomAltText="$ID/" CustomActualText="$ID/" ApplyTagType="TagFromStructure" ImageConversionType="JPEG" ImageExportResolution="Ppi300" GIFOptionsPalette="AdaptivePalette" GIFOptionsInterlaced="true" JPEGOptionsQuality="High" JPEGOptionsFormat="BaselineEncoding" ImageAlignment="AlignLeft" ImageSpaceBefore="0" ImageSpaceAfter="0" UseImagePageBreak="false" ImagePageBreak="PageBreakBefore" CustomImageAlignment="false" SpaceUnit="CssPixel" CustomLayout="false" CustomLayoutType="AlignmentAndSpacing" EpubType="$ID/" SizeType="DefaultSize" CustomSize="$ID/" PreserveAppearanceFromLayout="PreserveAppearanceDefault">
				<Properties>
					<AltMetadataProperty NamespacePrefix="$ID/" PropertyPath="$ID/" />
					<ActualMetadataProperty NamespacePrefix="$ID/" PropertyPath="$ID/" />
				</Properties>
			</ObjectExportOption>
			<TextFramePreference TextColumnCount="1" TextColumnFixedWidth="411.968503936978" TextColumnMaxWidth="0" ColumnRuleOverride="false" ColumnRuleOffset="0" ColumnRuleTopInset="0" ColumnRuleInsetChainOverride="true" ColumnRuleBottomInset="0" ColumnRuleStrokeWidth="1" ColumnRuleStrokeColor="Color/Black" ColumnRuleStrokeType="StrokeStyle/$ID/Solid" ColumnRuleStrokeTint="100" ColumnRuleOverprintOverride="false">
				<Properties>
					<InsetSpacing type="list">
						<ListItem type="unit">0</ListItem>
						<ListItem type="unit">0</ListItem>
						<ListItem type="unit">0</ListItem>
						<ListItem type="unit">0</ListItem>
					</InsetSpacing>
				</Properties>
			</TextFramePreference>
			<TextWrapPreference Inverse="false" ApplyToMasterPageOnly="false" TextWrapSide="BothSides" TextWrapMode="None">
				<Properties>
					<TextWrapOffset Top="0" Left="0" Bottom="0" Right="0" />
				</Properties>
			</TextWrapPreference>
		</TextFrame>
		<TextFrame Self="u3a47" ParentStory="u3a4a" PreviousTextFrame="n" NextTextFrame="n" ContentType="TextType" OverriddenPageItemProps="" Visible="true" Name="$ID/" HorizontalLayoutConstraints="FlexibleDimension FixedDimension FlexibleDimension" VerticalLayoutConstraints="FlexibleDimension FixedDimension FlexibleDimension" GradientFillStart="0 0" GradientFillLength="0" GradientFillAngle="0" GradientStrokeStart="0 0" GradientStrokeLength="0" GradientStrokeAngle="0" ItemLayer="ufd" Locked="false" LocalDisplaySetting="Default" GradientFillHiliteLength="0" GradientFillHiliteAngle="0" GradientStrokeHiliteLength="0" GradientStrokeHiliteAngle="0" AppliedObjectStyle="ObjectStyle/$ID/[Normal Text Frame]" ItemTransform="1 0 0 1 417.1424152223236 -34.01959821783623" ParentInterfaceChangeCount="" TargetInterfaceChangeCount="" LastUpdatedInterfaceChangeCount="">
			<Properties>
				<PathGeometry>
					<GeometryPathType PathOpen="false">
						<PathPointArray>
							<PathPointType Anchor="-163.17573140955946 -220.80717343570632" LeftDirection="-163.17573140955946 -220.80717343570632" RightDirection="-163.17573140955946 -220.80717343570632" />
							<PathPointType Anchor="-163.17573140955946 96.47527875777331" LeftDirection="-163.17573140955946 96.47527875777331" RightDirection="-163.17573140955946 96.47527875777331" />
							<PathPointType Anchor="15.353532117970161 96.47527875777331" LeftDirection="15.353532117970161 96.47527875777331" RightDirection="15.353532117970161 96.47527875777331" />
							<PathPointType Anchor="15.353532117970161 -220.80717343570632" LeftDirection="15.353532117970161 -220.80717343570632" RightDirection="15.353532117970161 -220.80717343570632" />
						</PathPointArray>
					</GeometryPathType>
				</PathGeometry>
			</Properties>
			<ObjectExportOption AltTextSourceType="SourceXMLStructure" ActualTextSourceType="SourceXMLStructure" CustomAltText="$ID/" CustomActualText="$ID/" ApplyTagType="TagFromStructure" ImageConversionType="JPEG" ImageExportResolution="Ppi300" GIFOptionsPalette="AdaptivePalette" GIFOptionsInterlaced="true" JPEGOptionsQuality="High" JPEGOptionsFormat="BaselineEncoding" ImageAlignment="AlignLeft" ImageSpaceBefore="0" ImageSpaceAfter="0" UseImagePageBreak="false" ImagePageBreak="PageBreakBefore" CustomImageAlignment="false" SpaceUnit="CssPixel" CustomLayout="false" CustomLayoutType="AlignmentAndSpacing" EpubType="$ID/" SizeType="DefaultSize" CustomSize="$ID/" PreserveAppearanceFromLayout="PreserveAppearanceDefault">
				<Properties>
					<AltMetadataProperty NamespacePrefix="$ID/" PropertyPath="$ID/" />
					<ActualMetadataProperty NamespacePrefix="$ID/" PropertyPath="$ID/" />
				</Properties>
			</ObjectExportOption>
			<TextFramePreference TextColumnCount="1" TextColumnFixedWidth="178.52926352752962" TextColumnMaxWidth="0" ColumnRuleOverride="false" ColumnRuleOffset="0" ColumnRuleTopInset="0" ColumnRuleInsetChainOverride="true" ColumnRuleBottomInset="0" ColumnRuleStrokeWidth="1" ColumnRuleStrokeColor="Color/Black" ColumnRuleStrokeType="StrokeStyle/$ID/Solid" ColumnRuleStrokeTint="100" ColumnRuleOverprintOverride="false">
				<Properties>
					<InsetSpacing type="list">
						<ListItem type="unit">0</ListItem>
						<ListItem type="unit">0</ListItem>
						<ListItem type="unit">0</ListItem>
						<ListItem type="unit">0</ListItem>
					</InsetSpacing>
				</Properties>
			</TextFramePreference>
			<TextWrapPreference Inverse="false" ApplyToMasterPageOnly="false" TextWrapSide="BothSides" TextWrapMode="None">
				<Properties>
					<TextWrapOffset Top="0" Left="0" Bottom="0" Right="0" />
				</Properties>
			</TextWrapPreference>
		</TextFrame>
		<Group Self="u3a5e" OverriddenPageItemProps="" Visible="true" Name="$ID/" HorizontalLayoutConstraints="FlexibleDimension FixedDimension FlexibleDimension" VerticalLayoutConstraints="FlexibleDimension FixedDimension FlexibleDimension" FillColor="Color/LIBER CMYK Light Blue" MiterLimit="10" GradientFillStart="0 0" GradientFillLength="0" GradientFillAngle="0" GradientStrokeStart="0 0" GradientStrokeLength="0" GradientStrokeAngle="0" ItemLayer="ufd" Locked="false" LocalDisplaySetting="Default" GradientFillHiliteLength="0" GradientFillHiliteAngle="0" GradientStrokeHiliteLength="0" GradientStrokeHiliteAngle="0" AppliedObjectStyle="ObjectStyle/$ID/[None]" ItemTransform="1 0 0 1 -1588.427362554924 -1699.198323424054" ParentInterfaceChangeCount="" TargetInterfaceChangeCount="" LastUpdatedInterfaceChangeCount="">
			<ObjectExportOption AltTextSourceType="SourceXMLStructure" ActualTextSourceType="SourceXMLStructure" CustomAltText="$ID/" CustomActualText="$ID/" ApplyTagType="TagFromStructure" ImageConversionType="JPEG" ImageExportResolution="Ppi300" GIFOptionsPalette="AdaptivePalette" GIFOptionsInterlaced="true" JPEGOptionsQuality="High" JPEGOptionsFormat="BaselineEncoding" ImageAlignment="AlignLeft" ImageSpaceBefore="0" ImageSpaceAfter="0" UseImagePageBreak="false" ImagePageBreak="PageBreakBefore" CustomImageAlignment="false" SpaceUnit="CssPixel" CustomLayout="false" CustomLayoutType="AlignmentAndSpacing" EpubType="$ID/" SizeType="DefaultSize" CustomSize="$ID/" PreserveAppearanceFromLayout="PreserveAppearanceDefault">
				<Properties>
					<AltMetadataProperty NamespacePrefix="$ID/" PropertyPath="$ID/" />
					<ActualMetadataProperty NamespacePrefix="$ID/" PropertyPath="$ID/" />
				</Properties>
			</ObjectExportOption>
			<TextWrapPreference Inverse="false" ApplyToMasterPageOnly="false" TextWrapSide="BothSides" TextWrapMode="None">
				<Properties>
					<TextWrapOffset Top="0" Left="0" Bottom="0" Right="0" />
				</Properties>
			</TextWrapPreference>
			<Polygon Self="u3a5f" ContentType="Unassigned" StoryTitle="$ID/" OverriddenPageItemProps="" Visible="true" Name="$ID/" HorizontalLayoutConstraints="FlexibleDimension FixedDimension FlexibleDimension" VerticalLayoutConstraints="FlexibleDimension FixedDimension FlexibleDimension" FillColor="Color/LIBER CMYK Light Blue" MiterLimit="10" GradientFillStart="0 0" GradientFillLength="0" GradientFillAngle="0" GradientStrokeStart="0 0" GradientStrokeLength="0" GradientStrokeAngle="0" LocalDisplaySetting="Default" GradientFillHiliteLength="0" GradientFillHiliteAngle="0" GradientStrokeHiliteLength="0" GradientStrokeHiliteAngle="0" AppliedObjectStyle="ObjectStyle/$ID/[None]" ItemTransform="1 0 0 1 31.622680330801813 -77.32261780007525" ParentInterfaceChangeCount="" TargetInterfaceChangeCount="" LastUpdatedInterfaceChangeCount="">
				<Properties>
					<PathGeometry>
						<GeometryPathType PathOpen="false">
							<PathPointArray>
								<PathPointType Anchor="1821.2459629817338 1527.8492086547994" LeftDirection="1822.0547103301765 1527.8492086547994" RightDirection="1820.9569112771585 1527.8492086547994" />
								<PathPointType Anchor="1820.4620341668522 1528.0801703730108" LeftDirection="1820.6889600927943 1527.9357716322909" RightDirection="1820.4620341668522 1528.0801703730108" />
								<PathPointType Anchor="1819.0303448038114 1526.8274223191675" LeftDirection="1819.0303448038114 1526.8274223191675" RightDirection="1819.074960964016 1526.687027592825" />
								<PathPointType Anchor="1819.105690185468 1526.3850105083616" LeftDirection="1819.105690185468 1526.54018195443" RightDirection="1819.105690185468 1525.5761996041347" />
								<PathPointType Anchor="1817.6417144842728 1524.920780584031" LeftDirection="1818.4504936106075 1524.920780584031" RightDirection="1816.8329353579384 1524.920780584031" />
								<PathPointType Anchor="1816.1772621146997 1526.3850105083616" LeftDirection="1816.1772621146997 1525.5761996041347" RightDirection="1816.1772621146997 1526.8097220333882" />
								<PathPointType Anchor="1816.6497358112283 1527.4563703553322" LeftDirection="1816.3611289971393 1527.1888640614538" RightDirection="1816.6497358112283 1527.4563703553322" />
								<PathPointType Anchor="1815.5653470285852 1529.263865067791" LeftDirection="1815.5653470285852 1529.263865067791" RightDirection="1815.437091456942 1529.2270662689893" />
								<PathPointType Anchor="1815.1637698088496 1529.2010719534283" LeftDirection="1815.3039103120573 1529.2010719534283" RightDirection="1814.3549906825147 1529.2010719534283" />
								<PathPointType Anchor="1813.6993492171682 1530.6653018777588" LeftDirection="1813.6993492171682 1529.8567134187751" RightDirection="1813.6993492171682 1531.474081004093" />
								<PathPointType Anchor="1815.1637698088496 1532.1297224694395" LeftDirection="1814.3549906825147 1532.1297224694395" RightDirection="1815.9725489351842 1532.1297224694395" />
								<PathPointType Anchor="1816.6277455100442 1530.6653018777588" LeftDirection="1816.6277455100442 1531.474081004093" RightDirection="1816.6277455100442 1530.2405903527315" />
								<PathPointType Anchor="1816.155303591408 1529.5939420307877" LeftDirection="1816.4443552959829 1529.8614483246656" RightDirection="1816.155303591408 1529.5939420307877" />
								<PathPointType Anchor="1817.239660596159 1527.7866379856805" LeftDirection="1817.239660596159 1527.7866379856805" RightDirection="1817.3683610582884 1527.8234367844816" />
								<PathPointType Anchor="1817.6417144842728 1527.8494311000427" LeftDirection="1817.5011290905788 1527.8494311000427" RightDirection="1818.0473274962776 1527.8494311000427" />
								<PathPointType Anchor="1818.6791990984952 1527.4182368850716" LeftDirection="1818.413726589698 1527.6844085074902" RightDirection="1818.6791990984952 1527.4182368850716" />
								<PathPointType Anchor="1819.9920709237824 1528.5674207892655" LeftDirection="1819.9920709237824 1528.5674207892655" RightDirection="1819.861559121816 1528.7867200211558" />
								<PathPointType Anchor="1819.7815106121604 1529.313629246481" LeftDirection="1819.7815106121604 1529.0398627079016" RightDirection="1819.7815106121604 1530.1224401507075" />
								<PathPointType Anchor="1821.2459629817338 1530.7778591708109" LeftDirection="1820.4371520775073 1530.7778591708109" RightDirection="1822.0547103301765 1530.7778591708109" />
								<PathPointType Anchor="1822.7099069050369 1529.313629246481" LeftDirection="1822.7099069050369 1530.1224401507075" RightDirection="1822.7099069050369 1528.5048501201463" />
							</PathPointArray>
						</GeometryPathType>
						<GeometryPathType PathOpen="false">
							<PathPointArray>
								<PathPointType Anchor="1815.1637698088496 1531.453647819612" LeftDirection="1815.5983007024688 1531.453647819612" RightDirection="1814.7289846920953 1531.453647819612" />
								<PathPointType Anchor="1814.3753920891043 1530.6650476546233" LeftDirection="1814.3753920891043 1531.0998645492696" RightDirection="1814.3753920891043 1530.2304849831123" />
								<PathPointType Anchor="1815.1637698088496 1529.8767017127698" LeftDirection="1814.728762246852 1529.8767017127698" RightDirection="1815.5983007024688 1529.8767017127698" />
								<PathPointType Anchor="1815.9521475285949 1530.6650476546233" LeftDirection="1815.9521475285949 1530.2304849831123" RightDirection="1815.9521475285949 1531.0998645492696" />
							</PathPointArray>
						</GeometryPathType>
						<GeometryPathType PathOpen="false">
							<PathPointArray>
								<PathPointType Anchor="1817.6417144842728 1527.173388228107" LeftDirection="1818.0760229326488 1527.173388228107" RightDirection="1817.2069293675188 1527.173388228107" />
								<PathPointType Anchor="1816.8533049866355 1526.3850105083616" LeftDirection="1816.8533049866355 1526.8195731798724" RightDirection="1816.8533049866355 1525.950225391607" />
								<PathPointType Anchor="1817.6417144842728 1525.5963785654808" LeftDirection="1817.2067069222753 1525.5963785654808" RightDirection="1818.0762771557838 1525.5963785654808" />
								<PathPointType Anchor="1818.4300922040181 1526.3850105083616" LeftDirection="1818.4300922040181 1525.950225391607" RightDirection="1818.4298697587749 1526.8195731798724" />
							</PathPointArray>
						</GeometryPathType>
						<GeometryPathType PathOpen="false">
							<PathPointArray>
								<PathPointType Anchor="1821.2459629817338 1530.1020387441179" LeftDirection="1821.6804938753528 1530.1020387441179" RightDirection="1820.8111460870875 1530.1020387441179" />
								<PathPointType Anchor="1820.4571085936102 1529.3134385791295" LeftDirection="1820.4571085936102 1529.748191917992" RightDirection="1820.4571085936102 1528.8788759076185" />
								<PathPointType Anchor="1821.2459629817338 1528.5250290814924" LeftDirection="1820.8109554197363 1528.5250290814924" RightDirection="1821.6804938753528 1528.5250290814924" />
								<PathPointType Anchor="1822.034308923587 1529.3134385791295" LeftDirection="1822.034308923587 1528.8788759076185" RightDirection="1822.034308923587 1529.748191917992" />
							</PathPointArray>
						</GeometryPathType>
					</PathGeometry>
				</Properties>
				<ObjectExportOption AltTextSourceType="SourceXMLStructure" ActualTextSourceType="SourceXMLStructure" CustomAltText="$ID/" CustomActualText="$ID/" ApplyTagType="TagFromStructure" ImageConversionType="JPEG" ImageExportResolution="Ppi300" GIFOptionsPalette="AdaptivePalette" GIFOptionsInterlaced="true" JPEGOptionsQuality="High" JPEGOptionsFormat="BaselineEncoding" ImageAlignment="AlignLeft" ImageSpaceBefore="0" ImageSpaceAfter="0" UseImagePageBreak="false" ImagePageBreak="PageBreakBefore" CustomImageAlignment="false" SpaceUnit="CssPixel" CustomLayout="false" CustomLayoutType="AlignmentAndSpacing" EpubType="$ID/" SizeType="DefaultSize" CustomSize="$ID/" PreserveAppearanceFromLayout="PreserveAppearanceDefault">
					<Properties>
						<AltMetadataProperty NamespacePrefix="$ID/" PropertyPath="$ID/" />
						<ActualMetadataProperty NamespacePrefix="$ID/" PropertyPath="$ID/" />
					</Properties>
				</ObjectExportOption>
				<TextWrapPreference Inverse="false" ApplyToMasterPageOnly="false" TextWrapSide="BothSides" TextWrapMode="None">
					<Properties>
						<TextWrapOffset Top="0" Left="0" Bottom="0" Right="0" />
					</Properties>
				</TextWrapPreference>
				<InCopyExportOption IncludeGraphicProxies="true" IncludeAllResources="false" />
			</Polygon>
			<Polygon Self="u3a60" ContentType="Unassigned" StoryTitle="$ID/" OverriddenPageItemProps="" Visible="true" Name="$ID/" HorizontalLayoutConstraints="FlexibleDimension FixedDimension FlexibleDimension" VerticalLayoutConstraints="FlexibleDimension FixedDimension FlexibleDimension" FillColor="Color/LIBER CMYK Light Blue" MiterLimit="10" GradientFillStart="0 0" GradientFillLength="0" GradientFillAngle="0" GradientStrokeStart="0 0" GradientStrokeLength="0" GradientStrokeAngle="0" LocalDisplaySetting="Default" GradientFillHiliteLength="0" GradientFillHiliteAngle="0" GradientStrokeHiliteLength="0" GradientStrokeHiliteAngle="0" AppliedObjectStyle="ObjectStyle/$ID/[None]" ItemTransform="1 0 0 1 31.622680330802723 -77.3226178000748" ParentInterfaceChangeCount="" TargetInterfaceChangeCount="" LastUpdatedInterfaceChangeCount="">
				<Properties>
					<PathGeometry>
						<GeometryPathType PathOpen="false">
							<PathPointArray>
								<PathPointType Anchor="1827.454346441284 1537.5223992250812" LeftDirection="1827.5859704716597 1537.654245700824" RightDirection="1827.454346441284 1537.5223992250812" />
								<PathPointType Anchor="1823.2224845086002 1533.2903148432963" LeftDirection="1823.2224845086002 1533.2903148432963" RightDirection="1824.3055386378317 1532.0445261258817" />
								<PathPointType Anchor="1824.9629596760778 1528.6375864992533" LeftDirection="1824.9629596760778 1530.4183878138258" RightDirection="1824.9629596760778 1524.7185461359172" />
								<PathPointType Anchor="1817.867051633858 1521.5414560053237" LeftDirection="1821.7865686620114 1521.5414560053237" RightDirection="1813.9477888288448 1521.5414560053237" />
								<PathPointType Anchor="1810.7713660368854 1528.6375864992533" LeftDirection="1810.7713660368854 1524.7185461359172" RightDirection="1810.7713660368854 1532.5566586404814" />
								<PathPointType Anchor="1817.867051633858 1535.7337487710752" LeftDirection="1813.9477888288448 1535.7337487710752" RightDirection="1819.7624758047439 1535.7337487710752" />
								<PathPointType Anchor="1822.7554130459087 1533.7787092722413" LeftDirection="1821.4827084547549 1534.9892880848302" RightDirection="1822.7554130459087 1533.7787092722413" />
								<PathPointType Anchor="1826.9767882740962 1538.000211615843" LeftDirection="1826.9767882740962 1538.000211615843" RightDirection="1827.1086029718267 1538.1322805368332" />
								<PathPointType Anchor="1827.4546006644227 1538.000211615843" LeftDirection="1827.322277520414 1538.1322805368332" RightDirection="1827.5859704716597 1537.8683651401" />
							</PathPointArray>
						</GeometryPathType>
						<GeometryPathType PathOpen="false">
							<PathPointArray>
								<PathPointType Anchor="1817.8668291886113 1535.0581507777522" LeftDirection="1821.4066957361022 1535.0581507777522" RightDirection="1814.3269308632277 1535.0581507777522" />
								<PathPointType Anchor="1811.4469640295922 1528.6378089445004" LeftDirection="1811.4469640295922 1532.1779297183543" RightDirection="1811.4469640295922 1525.0977199485385" />
								<PathPointType Anchor="1817.8668291886113 1522.2174988891404" LeftDirection="1814.3269308632277 1522.2174988891404" RightDirection="1821.4066957361022 1522.2174988891404" />
								<PathPointType Anchor="1824.286662569738 1528.6378089445004" LeftDirection="1824.286662569738 1525.0977199485385" RightDirection="1824.286662569738 1532.1779297183543" />
							</PathPointArray>
						</GeometryPathType>
					</PathGeometry>
				</Properties>
				<ObjectExportOption AltTextSourceType="SourceXMLStructure" ActualTextSourceType="SourceXMLStructure" CustomAltText="$ID/" CustomActualText="$ID/" ApplyTagType="TagFromStructure" ImageConversionType="JPEG" ImageExportResolution="Ppi300" GIFOptionsPalette="AdaptivePalette" GIFOptionsInterlaced="true" JPEGOptionsQuality="High" JPEGOptionsFormat="BaselineEncoding" ImageAlignment="AlignLeft" ImageSpaceBefore="0" ImageSpaceAfter="0" UseImagePageBreak="false" ImagePageBreak="PageBreakBefore" CustomImageAlignment="false" SpaceUnit="CssPixel" CustomLayout="false" CustomLayoutType="AlignmentAndSpacing" EpubType="$ID/" SizeType="DefaultSize" CustomSize="$ID/" PreserveAppearanceFromLayout="PreserveAppearanceDefault">
					<Properties>
						<AltMetadataProperty NamespacePrefix="$ID/" PropertyPath="$ID/" />
						<ActualMetadataProperty NamespacePrefix="$ID/" PropertyPath="$ID/" />
					</Properties>
				</ObjectExportOption>
				<TextWrapPreference Inverse="false" ApplyToMasterPageOnly="false" TextWrapSide="BothSides" TextWrapMode="None">
					<Properties>
						<TextWrapOffset Top="0" Left="0" Bottom="0" Right="0" />
					</Properties>
				</TextWrapPreference>
				<InCopyExportOption IncludeGraphicProxies="true" IncludeAllResources="false" />
			</Polygon>
		</Group>
		<TextFrame Self="u3b0a" ParentStory="u3b0d" PreviousTextFrame="n" NextTextFrame="n" ContentType="TextType" OverriddenPageItemProps="" Visible="true" Name="$ID/" HorizontalLayoutConstraints="FlexibleDimension FixedDimension FlexibleDimension" VerticalLayoutConstraints="FlexibleDimension FixedDimension FlexibleDimension" GradientFillStart="0 0" GradientFillLength="0" GradientFillAngle="0" GradientStrokeStart="0 0" GradientStrokeLength="0" GradientStrokeAngle="0" ItemLayer="ufd" Locked="false" LocalDisplaySetting="Default" GradientFillHiliteLength="0" GradientFillHiliteAngle="0" GradientStrokeHiliteLength="0" GradientStrokeHiliteAngle="0" AppliedObjectStyle="ObjectStyle/$ID/[Normal Text Frame]" ItemTransform="1 0 0 1 -511.3492465669251 -48.238049106931356" ParentInterfaceChangeCount="" TargetInterfaceChangeCount="" LastUpdatedInterfaceChangeCount="">
			<Properties>
				<PathGeometry>
					<GeometryPathType PathOpen="false">
						<PathPointArray>
							<PathPointType Anchor="71.5871240557317 -122.86838281445128" LeftDirection="71.5871240557317 -122.86838281445128" RightDirection="71.5871240557317 -122.86838281445128" />
							<PathPointType Anchor="71.5871240557317 -106.31057551318875" LeftDirection="71.5871240557317 -106.31057551318875" RightDirection="71.5871240557317 -106.31057551318875" />
							<PathPointType Anchor="263.3177505039329 -106.31057551318875" LeftDirection="263.3177505039329 -106.31057551318875" RightDirection="263.3177505039329 -106.31057551318875" />
							<PathPointType Anchor="263.3177505039329 -122.86838281445128" LeftDirection="263.3177505039329 -122.86838281445128" RightDirection="263.3177505039329 -122.86838281445128" />
						</PathPointArray>
					</GeometryPathType>
				</PathGeometry>
			</Properties>
			<ObjectExportOption AltTextSourceType="SourceXMLStructure" ActualTextSourceType="SourceXMLStructure" CustomAltText="$ID/" CustomActualText="$ID/" ApplyTagType="TagFromStructure" ImageConversionType="JPEG" ImageExportResolution="Ppi300" GIFOptionsPalette="AdaptivePalette" GIFOptionsInterlaced="true" JPEGOptionsQuality="High" JPEGOptionsFormat="BaselineEncoding" ImageAlignment="AlignLeft" ImageSpaceBefore="0" ImageSpaceAfter="0" UseImagePageBreak="false" ImagePageBreak="PageBreakBefore" CustomImageAlignment="false" SpaceUnit="CssPixel" CustomLayout="false" CustomLayoutType="AlignmentAndSpacing" EpubType="$ID/" SizeType="DefaultSize" CustomSize="$ID/" PreserveAppearanceFromLayout="PreserveAppearanceDefault">
				<Properties>
					<AltMetadataProperty NamespacePrefix="$ID/" PropertyPath="$ID/" />
					<ActualMetadataProperty NamespacePrefix="$ID/" PropertyPath="$ID/" />
				</Properties>
			</ObjectExportOption>
			<TextFramePreference TextColumnCount="1" TextColumnFixedWidth="191.73062644820124" TextColumnMaxWidth="0" ColumnRuleOverride="false" ColumnRuleOffset="0" ColumnRuleTopInset="0" ColumnRuleInsetChainOverride="true" ColumnRuleBottomInset="0" ColumnRuleStrokeWidth="1" ColumnRuleStrokeColor="Color/Black" ColumnRuleStrokeType="StrokeStyle/$ID/Solid" ColumnRuleStrokeTint="100" ColumnRuleOverprintOverride="false">
				<Properties>
					<InsetSpacing type="list">
						<ListItem type="unit">0</ListItem>
						<ListItem type="unit">0</ListItem>
						<ListItem type="unit">0</ListItem>
						<ListItem type="unit">0</ListItem>
					</InsetSpacing>
				</Properties>
			</TextFramePreference>
			<TextWrapPreference Inverse="false" ApplyToMasterPageOnly="false" TextWrapSide="BothSides" TextWrapMode="None">
				<Properties>
					<TextWrapOffset Top="0" Left="0" Bottom="0" Right="0" />
				</Properties>
			</TextWrapPreference>
		</TextFrame>
	</Spread>
</idPkg:Spread>
