<?xml version="1.0" encoding="UTF-8" standalone="yes"?>
<idPkg:Fonts xmlns:idPkg="http://ns.adobe.com/AdobeInDesign/idml/1.0/packaging" DOMVersion="16.1">
	<FontFamily Self="di39" Name="Minion Pro">
		<Font Self="di39FontnMinion Pro Bold Cond" FontFamily="Minion Pro" Name="Minion Pro Bold Cond" PostScriptName="MinionPro-BoldCn" Status="Substituted" FontStyleName="Bold Cond" FontType="OpenTypeCFF" WritingScript="0" FullName="Minion Pro Bold Cond" FullNameNative="Minion Pro Bold Cond" FontStyleNameNative="Bold Cond" PlatformName="$ID/" Version="Version 2.112;PS 2.000;hotconv 1.0.70;makeotf.lib2.5.5900" TypekitID="$ID/" />
		<Font Self="di39FontnMinion Pro Bold Cond Italic" FontFamily="Minion Pro" Name="Minion Pro Bold Cond Italic" PostScriptName="MinionPro-BoldCnIt" Status="Substituted" FontStyleName="Bold Cond Italic" FontType="OpenTypeCFF" WritingScript="0" FullName="Minion Pro Bold Cond Italic" FullNameNative="Minion Pro Bold Cond Italic" FontStyleNameNative="Bold Cond Italic" PlatformName="$ID/" Version="Version 2.112;PS 2.000;hotconv 1.0.70;makeotf.lib2.5.5900" TypekitID="$ID/" />
		<Font Self="di39FontnMinion Pro Regular" FontFamily="Minion Pro" Name="Minion Pro Regular" PostScriptName="MinionPro-Regular" Status="Installed" FontStyleName="Regular" FontType="OpenTypeCFF" WritingScript="0" FullName="Minion Pro" FullNameNative="Minion Pro" FontStyleNameNative="Regular" PlatformName="$ID/" Version="Version 2.112;PS 2.000;hotconv 1.0.70;makeotf.lib2.5.5900" TypekitID="$ID/" />
		<Font Self="di39FontnMinion Pro Italic" FontFamily="Minion Pro" Name="Minion Pro Italic" PostScriptName="MinionPro-It" Status="Substituted" FontStyleName="Italic" FontType="OpenTypeCFF" WritingScript="0" FullName="Minion Pro Italic" FullNameNative="Minion Pro Italic" FontStyleNameNative="Italic" PlatformName="$ID/" Version="Version 2.112;PS 2.000;hotconv 1.0.70;makeotf.lib2.5.5900" TypekitID="$ID/" />
		<Font Self="di39FontnMinion Pro Medium" FontFamily="Minion Pro" Name="Minion Pro Medium" PostScriptName="MinionPro-Medium" Status="Installed" FontStyleName="Medium" FontType="OpenTypeCFF" WritingScript="0" FullName="Minion Pro Medium" FullNameNative="Minion Pro Medium" FontStyleNameNative="Medium" PlatformName="$ID/" Version="Version 2.112;PS 2.000;hotconv 1.0.70;makeotf.lib2.5.5900" TypekitID="$ID/" />
		<Font Self="di39FontnMinion Pro Medium Italic" FontFamily="Minion Pro" Name="Minion Pro Medium Italic" PostScriptName="MinionPro-MediumIt" Status="Substituted" FontStyleName="Medium Italic" FontType="OpenTypeCFF" WritingScript="0" FullName="Minion Pro Medium Italic" FullNameNative="Minion Pro Medium Italic" FontStyleNameNative="Medium Italic" PlatformName="$ID/" Version="Version 2.112;PS 2.000;hotconv 1.0.70;makeotf.lib2.5.5900" TypekitID="$ID/" />
		<Font Self="di39FontnMinion Pro Semibold" FontFamily="Minion Pro" Name="Minion Pro Semibold" PostScriptName="MinionPro-Semibold" Status="Substituted" FontStyleName="Semibold" FontType="OpenTypeCFF" WritingScript="0" FullName="Minion Pro Semibold" FullNameNative="Minion Pro Semibold" FontStyleNameNative="Semibold" PlatformName="$ID/" Version="Version 2.112;PS 2.000;hotconv 1.0.70;makeotf.lib2.5.5900" TypekitID="$ID/" />
		<Font Self="di39FontnMinion Pro Semibold Italic" FontFamily="Minion Pro" Name="Minion Pro Semibold Italic" PostScriptName="MinionPro-SemiboldIt" Status="Substituted" FontStyleName="Semibold Italic" FontType="OpenTypeCFF" WritingScript="0" FullName="Minion Pro Semibold Italic" FullNameNative="Minion Pro Semibold Italic" FontStyleNameNative="Semibold Italic" PlatformName="$ID/" Version="Version 2.112;PS 2.000;hotconv 1.0.70;makeotf.lib2.5.5900" TypekitID="$ID/" />
		<Font Self="di39FontnMinion Pro Bold" FontFamily="Minion Pro" Name="Minion Pro Bold" PostScriptName="MinionPro-Bold" Status="Substituted" FontStyleName="Bold" FontType="OpenTypeCFF" WritingScript="0" FullName="Minion Pro Bold" FullNameNative="Minion Pro Bold" FontStyleNameNative="Bold" PlatformName="$ID/" Version="Version 2.112;PS 2.000;hotconv 1.0.70;makeotf.lib2.5.5900" TypekitID="$ID/" />
		<Font Self="di39FontnMinion Pro Bold Italic" FontFamily="Minion Pro" Name="Minion Pro Bold Italic" PostScriptName="MinionPro-BoldIt" Status="Substituted" FontStyleName="Bold Italic" FontType="OpenTypeCFF" WritingScript="0" FullName="Minion Pro Bold Italic" FullNameNative="Minion Pro Bold Italic" FontStyleNameNative="Bold Italic" PlatformName="$ID/" Version="Version 2.112;PS 2.000;hotconv 1.0.70;makeotf.lib2.5.5900" TypekitID="$ID/" />
		<Font Self="di39FontnMinion Pro Cond" FontFamily="Minion Pro" Name="Minion Pro Cond" PostScriptName="MinionPro-Cn" Status="Substituted" FontStyleName="Cond" FontType="OpenTypeCFF" WritingScript="0" FullName="Minion Pro Cond" FullNameNative="Minion Pro Cond" FontStyleNameNative="Cond" PlatformName="$ID/" Version="Version 2.015;PS 002.000;Core 1.0.38;makeotf.lib1.7.9032" TypekitID="$ID/" />
		<Font Self="di39FontnMinion Pro Cond Italic" FontFamily="Minion Pro" Name="Minion Pro Cond Italic" PostScriptName="MinionPro-CnIt" Status="Substituted" FontStyleName="Cond Italic" FontType="OpenTypeCFF" WritingScript="0" FullName="Minion Pro Cond Italic" FullNameNative="Minion Pro Cond Italic" FontStyleNameNative="Cond Italic" PlatformName="$ID/" Version="Version 2.015;PS 002.000;Core 1.0.38;makeotf.lib1.7.9032" TypekitID="$ID/" />
		<Font Self="di39FontnMinion Pro Semibold Cond" FontFamily="Minion Pro" Name="Minion Pro Semibold Cond" PostScriptName="MinionPro-SemiboldCn" Status="Substituted" FontStyleName="Semibold Cond" FontType="OpenTypeCFF" WritingScript="0" FullName="Minion Pro Semibold Cond" FullNameNative="Minion Pro Semibold Cond" FontStyleNameNative="Semibold Cond" PlatformName="$ID/" Version="Version 2.015;PS 002.000;Core 1.0.38;makeotf.lib1.7.9032" TypekitID="$ID/" />
		<Font Self="di39FontnMinion Pro Semibold Cond Italic" FontFamily="Minion Pro" Name="Minion Pro Semibold Cond Italic" PostScriptName="MinionPro-SemiboldCnIt" Status="Substituted" FontStyleName="Semibold Cond Italic" FontType="OpenTypeCFF" WritingScript="0" FullName="Minion Pro Semibold Cond Italic" FullNameNative="Minion Pro Semibold Cond Italic" FontStyleNameNative="Semibold Cond Italic" PlatformName="$ID/" Version="Version 2.015;PS 002.000;Core 1.0.38;makeotf.lib1.7.9032" TypekitID="$ID/" />
	</FontFamily>
	<FontFamily Self="di87" Name="Myriad Pro">
		<Font Self="di87FontnMyriad Pro Condensed" FontFamily="Myriad Pro" Name="Myriad Pro Condensed" PostScriptName="MyriadPro-Cond" Status="Substituted" FontStyleName="Condensed" FontType="OpenTypeCFF" WritingScript="0" FullName="Myriad Pro Condensed" FullNameNative="Myriad Pro Condensed" FontStyleNameNative="Condensed" PlatformName="$ID/" Version="Version 2.106;PS 2.000;hotconv 1.0.70;makeotf.lib2.5.58329" TypekitID="$ID/" />
		<Font Self="di87FontnMyriad Pro Condensed Italic" FontFamily="Myriad Pro" Name="Myriad Pro Condensed Italic" PostScriptName="MyriadPro-CondIt" Status="Substituted" FontStyleName="Condensed Italic" FontType="OpenTypeCFF" WritingScript="0" FullName="Myriad Pro Condensed Italic" FullNameNative="Myriad Pro Condensed Italic" FontStyleNameNative="Condensed Italic" PlatformName="$ID/" Version="Version 2.106;PS 2.000;hotconv 1.0.70;makeotf.lib2.5.58329" TypekitID="$ID/" />
		<Font Self="di87FontnMyriad Pro Bold Condensed" FontFamily="Myriad Pro" Name="Myriad Pro Bold Condensed" PostScriptName="MyriadPro-BoldCond" Status="Substituted" FontStyleName="Bold Condensed" FontType="OpenTypeCFF" WritingScript="0" FullName="Myriad Pro Bold Condensed" FullNameNative="Myriad Pro Bold Condensed" FontStyleNameNative="Bold Condensed" PlatformName="$ID/" Version="Version 2.106;PS 2.000;hotconv 1.0.70;makeotf.lib2.5.58329" TypekitID="$ID/" />
		<Font Self="di87FontnMyriad Pro Bold Condensed Italic" FontFamily="Myriad Pro" Name="Myriad Pro Bold Condensed Italic" PostScriptName="MyriadPro-BoldCondIt" Status="Substituted" FontStyleName="Bold Condensed Italic" FontType="OpenTypeCFF" WritingScript="0" FullName="Myriad Pro Bold Condensed Italic" FullNameNative="Myriad Pro Bold Condensed Italic" FontStyleNameNative="Bold Condensed Italic" PlatformName="$ID/" Version="Version 2.106;PS 2.000;hotconv 1.0.70;makeotf.lib2.5.58329" TypekitID="$ID/" />
		<Font Self="di87FontnMyriad Pro Regular" FontFamily="Myriad Pro" Name="Myriad Pro Regular" PostScriptName="MyriadPro-Regular" Status="Installed" FontStyleName="Regular" FontType="OpenTypeCFF" WritingScript="0" FullName="Myriad Pro" FullNameNative="Myriad Pro" FontStyleNameNative="Regular" PlatformName="$ID/" Version="Version 2.106;PS 2.000;hotconv 1.0.70;makeotf.lib2.5.58329" TypekitID="$ID/" />
		<Font Self="di87FontnMyriad Pro Italic" FontFamily="Myriad Pro" Name="Myriad Pro Italic" PostScriptName="MyriadPro-It" Status="Installed" FontStyleName="Italic" FontType="OpenTypeCFF" WritingScript="0" FullName="Myriad Pro Italic" FullNameNative="Myriad Pro Italic" FontStyleNameNative="Italic" PlatformName="$ID/" Version="Version 2.106;PS 2.000;hotconv 1.0.70;makeotf.lib2.5.58329" TypekitID="$ID/" />
		<Font Self="di87FontnMyriad Pro Semibold" FontFamily="Myriad Pro" Name="Myriad Pro Semibold" PostScriptName="MyriadPro-Semibold" Status="Substituted" FontStyleName="Semibold" FontType="OpenTypeCFF" WritingScript="0" FullName="Myriad Pro Semibold" FullNameNative="Myriad Pro Semibold" FontStyleNameNative="Semibold" PlatformName="$ID/" Version="Version 2.106;PS 2.000;hotconv 1.0.70;makeotf.lib2.5.58329" TypekitID="$ID/" />
		<Font Self="di87FontnMyriad Pro Semibold Italic" FontFamily="Myriad Pro" Name="Myriad Pro Semibold Italic" PostScriptName="MyriadPro-SemiboldIt" Status="Substituted" FontStyleName="Semibold Italic" FontType="OpenTypeCFF" WritingScript="0" FullName="Myriad Pro Semibold Italic" FullNameNative="Myriad Pro Semibold Italic" FontStyleNameNative="Semibold Italic" PlatformName="$ID/" Version="Version 2.106;PS 2.000;hotconv 1.0.70;makeotf.lib2.5.58329" TypekitID="$ID/" />
		<Font Self="di87FontnMyriad Pro Bold" FontFamily="Myriad Pro" Name="Myriad Pro Bold" PostScriptName="MyriadPro-Bold" Status="Installed" FontStyleName="Bold" FontType="OpenTypeCFF" WritingScript="0" FullName="Myriad Pro Bold" FullNameNative="Myriad Pro Bold" FontStyleNameNative="Bold" PlatformName="$ID/" Version="Version 2.106;PS 2.000;hotconv 1.0.70;makeotf.lib2.5.58329" TypekitID="$ID/" />
		<Font Self="di87FontnMyriad Pro Bold Italic" FontFamily="Myriad Pro" Name="Myriad Pro Bold Italic" PostScriptName="MyriadPro-BoldIt" Status="Installed" FontStyleName="Bold Italic" FontType="OpenTypeCFF" WritingScript="0" FullName="Myriad Pro Bold Italic" FullNameNative="Myriad Pro Bold Italic" FontStyleNameNative="Bold Italic" PlatformName="$ID/" Version="Version 2.106;PS 2.000;hotconv 1.0.70;makeotf.lib2.5.58329" TypekitID="$ID/" />
		<Font Self="di87FontnMyriad Pro Light Condensed" FontFamily="Myriad Pro" Name="Myriad Pro Light Condensed" PostScriptName="MyriadPro-LightCond" Status="Substituted" FontStyleName="Light Condensed" FontType="OpenTypeCFF" WritingScript="0" FullName="Myriad Pro Light Condensed" FullNameNative="Myriad Pro Light Condensed" FontStyleNameNative="Light Condensed" PlatformName="$ID/" Version="Version 2.007;PS 002.000;Core 1.0.38;makeotf.lib1.7.9032" TypekitID="$ID/" />
		<Font Self="di87FontnMyriad Pro Light Condensed Italic" FontFamily="Myriad Pro" Name="Myriad Pro Light Condensed Italic" PostScriptName="MyriadPro-LightCondIt" Status="Substituted" FontStyleName="Light Condensed Italic" FontType="OpenTypeCFF" WritingScript="0" FullName="Myriad Pro Light Condensed Italic" FullNameNative="Myriad Pro Light Condensed Italic" FontStyleNameNative="Light Condensed Italic" PlatformName="$ID/" Version="Version 2.007;PS 002.000;Core 1.0.38;makeotf.lib1.7.9032" TypekitID="$ID/" />
		<Font Self="di87FontnMyriad Pro Semibold Condensed" FontFamily="Myriad Pro" Name="Myriad Pro Semibold Condensed" PostScriptName="MyriadPro-SemiboldCond" Status="Substituted" FontStyleName="Semibold Condensed" FontType="OpenTypeCFF" WritingScript="0" FullName="Myriad Pro Semibold Condensed" FullNameNative="Myriad Pro Semibold Condensed" FontStyleNameNative="Semibold Condensed" PlatformName="$ID/" Version="Version 2.007;PS 002.000;Core 1.0.38;makeotf.lib1.7.9032" TypekitID="$ID/" />
		<Font Self="di87FontnMyriad Pro Semibold Condensed Italic" FontFamily="Myriad Pro" Name="Myriad Pro Semibold Condensed Italic" PostScriptName="MyriadPro-SemiboldCondIt" Status="Substituted" FontStyleName="Semibold Condensed Italic" FontType="OpenTypeCFF" WritingScript="0" FullName="Myriad Pro Semibold Condensed Italic" FullNameNative="Myriad Pro Semibold Condensed Italic" FontStyleNameNative="Semibold Condensed Italic" PlatformName="$ID/" Version="Version 2.007;PS 002.000;Core 1.0.38;makeotf.lib1.7.9032" TypekitID="$ID/" />
		<Font Self="di87FontnMyriad Pro Black Condensed" FontFamily="Myriad Pro" Name="Myriad Pro Black Condensed" PostScriptName="MyriadPro-BlackCond" Status="Substituted" FontStyleName="Black Condensed" FontType="OpenTypeCFF" WritingScript="0" FullName="Myriad Pro Black Condensed" FullNameNative="Myriad Pro Black Condensed" FontStyleNameNative="Black Condensed" PlatformName="$ID/" Version="Version 2.007;PS 002.000;Core 1.0.38;makeotf.lib1.7.9032" TypekitID="$ID/" />
		<Font Self="di87FontnMyriad Pro Black Condensed Italic" FontFamily="Myriad Pro" Name="Myriad Pro Black Condensed Italic" PostScriptName="MyriadPro-BlackCondIt" Status="Substituted" FontStyleName="Black Condensed Italic" FontType="OpenTypeCFF" WritingScript="0" FullName="Myriad Pro Black Condensed Italic" FullNameNative="Myriad Pro Black Condensed Italic" FontStyleNameNative="Black Condensed Italic" PlatformName="$ID/" Version="Version 2.007;PS 002.000;Core 1.0.38;makeotf.lib1.7.9032" TypekitID="$ID/" />
	</FontFamily>
	<FontFamily Self="di8b" Name="Kozuka Mincho Pr6N">
		<Font Self="di8bFontnKozuka Mincho Pr6N EL" FontFamily="Kozuka Mincho Pr6N" Name="Kozuka Mincho Pr6N EL" PostScriptName="KozMinPr6N-ExtraLight" Status="Substituted" FontStyleName="EL" FontType="OpenTypeCID" WritingScript="1" FullName="Kozuka Mincho Pr6N EL" FullNameNative="小塚明朝 Pr6N EL" FontStyleNameNative="EL" PlatformName="$ID/" Version="Version 6.017;PS 6.004;hotconv 1.0.70;makeotf.lib2.5.5900" TypekitID="$ID/" />
		<Font Self="di8bFontnKozuka Mincho Pr6N L" FontFamily="Kozuka Mincho Pr6N" Name="Kozuka Mincho Pr6N L" PostScriptName="KozMinPr6N-Light" Status="Substituted" FontStyleName="L" FontType="OpenTypeCID" WritingScript="1" FullName="Kozuka Mincho Pr6N L" FullNameNative="小塚明朝 Pr6N L" FontStyleNameNative="L" PlatformName="$ID/" Version="Version 6.017;PS 6.004;hotconv 1.0.70;makeotf.lib2.5.5900" TypekitID="$ID/" />
		<Font Self="di8bFontnKozuka Mincho Pr6N R" FontFamily="Kozuka Mincho Pr6N" Name="Kozuka Mincho Pr6N R" PostScriptName="KozMinPr6N-Regular" Status="Installed" FontStyleName="R" FontType="OpenTypeCID" WritingScript="1" FullName="Kozuka Mincho Pr6N R" FullNameNative="小塚明朝 Pr6N R" FontStyleNameNative="R" PlatformName="$ID/" Version="Version 6.017;PS 6.004;hotconv 1.0.70;makeotf.lib2.5.5900" TypekitID="$ID/" />
		<Font Self="di8bFontnKozuka Mincho Pr6N M" FontFamily="Kozuka Mincho Pr6N" Name="Kozuka Mincho Pr6N M" PostScriptName="KozMinPr6N-Medium" Status="Substituted" FontStyleName="M" FontType="OpenTypeCID" WritingScript="1" FullName="Kozuka Mincho Pr6N M" FullNameNative="小塚明朝 Pr6N M" FontStyleNameNative="M" PlatformName="$ID/" Version="Version 6.017;PS 6.004;hotconv 1.0.70;makeotf.lib2.5.5900" TypekitID="$ID/" />
		<Font Self="di8bFontnKozuka Mincho Pr6N B" FontFamily="Kozuka Mincho Pr6N" Name="Kozuka Mincho Pr6N B" PostScriptName="KozMinPr6N-Bold" Status="Substituted" FontStyleName="B" FontType="OpenTypeCID" WritingScript="1" FullName="Kozuka Mincho Pr6N B" FullNameNative="小塚明朝 Pr6N B" FontStyleNameNative="B" PlatformName="$ID/" Version="Version 6.017;PS 6.004;hotconv 1.0.70;makeotf.lib2.5.5900" TypekitID="$ID/" />
		<Font Self="di8bFontnKozuka Mincho Pr6N H" FontFamily="Kozuka Mincho Pr6N" Name="Kozuka Mincho Pr6N H" PostScriptName="KozMinPr6N-Heavy" Status="Substituted" FontStyleName="H" FontType="OpenTypeCID" WritingScript="1" FullName="Kozuka Mincho Pr6N H" FullNameNative="小塚明朝 Pr6N H" FontStyleNameNative="H" PlatformName="$ID/" Version="Version 6.017;PS 6.004;hotconv 1.0.70;makeotf.lib2.5.5900" TypekitID="$ID/" />
	</FontFamily>
	<FontFamily Self="dicf" Name="Crimson Text">
		<Font Self="dicfFontnCrimson Text Regular" FontFamily="Crimson Text" Name="Crimson Text Regular" PostScriptName="CrimsonText-Regular" Status="Installed" FontStyleName="Regular" FontType="TrueType" WritingScript="0" FullName="Crimson Text Regular" FullNameNative="Crimson Text Regular" FontStyleNameNative="Regular" PlatformName="$ID/" Version="Version 0.13 " TypekitID="$ID/" />
		<Font Self="dicfFontnCrimson Text Italic" FontFamily="Crimson Text" Name="Crimson Text Italic" PostScriptName="CrimsonText-Italic" Status="Installed" FontStyleName="Italic" FontType="TrueType" WritingScript="0" FullName="Crimson Text Italic" FullNameNative="Crimson Text Italic" FontStyleNameNative="Italic" PlatformName="$ID/" Version="Version 0.12 " TypekitID="$ID/" />
		<Font Self="dicfFontnCrimson Text Bold" FontFamily="Crimson Text" Name="Crimson Text Bold" PostScriptName="CrimsonText-Bold" Status="Installed" FontStyleName="Bold" FontType="TrueType" WritingScript="0" FullName="Crimson Text Bold" FullNameNative="Crimson Text Bold" FontStyleNameNative="Bold" PlatformName="$ID/" Version="Version 0.12 " TypekitID="$ID/" />
		<Font Self="dicfFontnCrimson Text Bold Italic" FontFamily="Crimson Text" Name="Crimson Text Bold Italic" PostScriptName="CrimsonText-BoldItalic" Status="Installed" FontStyleName="Bold Italic" FontType="TrueType" WritingScript="0" FullName="Crimson Text Bold Italic" FullNameNative="Crimson Text Bold Italic" FontStyleNameNative="Bold Italic" PlatformName="$ID/" Version="Version 0.12 " TypekitID="$ID/" />
		<Font Self="dicfFontnCrimson Text Roman " FontFamily="Crimson Text" Name="Crimson Text Roman " PostScriptName="CrimsonText-Roman" Status="Installed" FontStyleName="Roman " FontType="TrueType" WritingScript="0" FullName="Crimson Text" FullNameNative="Crimson Text" FontStyleNameNative="Roman " PlatformName="$ID/" Version="Version 0.13 " TypekitID="$ID/" />
		<Font Self="dicfFontnCrimson Text Semibold" FontFamily="Crimson Text" Name="Crimson Text Semibold" PostScriptName="CrimsonText-Semibold" Status="Installed" FontStyleName="Semibold" FontType="TrueType" WritingScript="0" FullName="Crimson Text Semibold" FullNameNative="Crimson Text Semibold" FontStyleNameNative="Semibold" PlatformName="$ID/" Version="Version 0.12 " TypekitID="$ID/" />
		<Font Self="dicfFontnCrimson Text Semibold Italic" FontFamily="Crimson Text" Name="Crimson Text Semibold Italic" PostScriptName="CrimsonText-SemiboldItalic" Status="Installed" FontStyleName="Semibold Italic" FontType="TrueType" WritingScript="0" FullName="Crimson Text Semibold Italic" FullNameNative="Crimson Text Semibold Italic" FontStyleNameNative="Semibold Italic" PlatformName="$ID/" Version="Version 0.12 " TypekitID="$ID/" />
		<Font Self="dicfFontnCrimson Text Roman" FontFamily="Crimson Text" Name="Crimson Text Roman" PostScriptName="CrimsonText-Roman" Status="Installed" FontStyleName="Roman" FontType="TrueType" WritingScript="0" FullName="Crimson Text" FullNameNative="Crimson Text" FontStyleNameNative="Roman" PlatformName="$ID/" Version="Version 0.13 " TypekitID="$ID/" />
		<Font Self="dicfFontnCrimson Text SemiBold" FontFamily="Crimson Text" Name="Crimson Text SemiBold" PostScriptName="CrimsonText-SemiBold" Status="Substituted" FontStyleName="SemiBold" FontType="TrueType" WritingScript="0" FullName="Crimson Text SemiBold" FullNameNative="Crimson Text SemiBold" FontStyleNameNative="SemiBold" PlatformName="$ID/" Version="Version 0.12 " TypekitID="$ID/" />
		<Font Self="dicfFontnCrimson Text SemiBold Italic" FontFamily="Crimson Text" Name="Crimson Text SemiBold Italic" PostScriptName="CrimsonText-SemiBoldItalic" Status="Substituted" FontStyleName="SemiBold Italic" FontType="TrueType" WritingScript="0" FullName="Crimson Text SemiBold Italic" FullNameNative="Crimson Text SemiBold Italic" FontStyleNameNative="SemiBold Italic" PlatformName="$ID/" Version="Version 0.12 " TypekitID="$ID/" />
	</FontFamily>
	<FontFamily Self="did0" Name="Lato">
		<Font Self="did0FontnLato Regular" FontFamily="Lato" Name="Lato Regular" PostScriptName="Lato-Regular" Status="NotAvailable" FontStyleName="Regular" FontType="TrueType" WritingScript="0" FullName="Lato Regular" FullNameNative="Lato Regular" FontStyleNameNative="Regular" PlatformName="$ID/" Version="Version 1.104; Western+Polish opensource" TypekitID="$ID/" />
		<Font Self="did0FontnLato Italic" FontFamily="Lato" Name="Lato Italic" PostScriptName="Lato-Italic" Status="NotAvailable" FontStyleName="Italic" FontType="TrueType" WritingScript="0" FullName="Lato Italic" FullNameNative="Lato Italic" FontStyleNameNative="Italic" PlatformName="$ID/" Version="Version 1.104; Western+Polish opensource" TypekitID="$ID/" />
		<Font Self="did0FontnLato Bold" FontFamily="Lato" Name="Lato Bold" PostScriptName="Lato-Bold" Status="NotAvailable" FontStyleName="Bold" FontType="TrueType" WritingScript="0" FullName="Lato Bold" FullNameNative="Lato Bold" FontStyleNameNative="Bold" PlatformName="$ID/" Version="Version 1.104; Western+Polish opensource" TypekitID="$ID/" />
		<Font Self="did0FontnLato Bold Italic" FontFamily="Lato" Name="Lato Bold Italic" PostScriptName="Lato-BoldItalic" Status="NotAvailable" FontStyleName="Bold Italic" FontType="TrueType" WritingScript="0" FullName="Lato Bold Italic" FullNameNative="Lato Bold Italic" FontStyleNameNative="Bold Italic" PlatformName="$ID/" Version="Version 1.104; Western+Polish opensource" TypekitID="$ID/" />
		<Font Self="did0FontnLato Hairline" FontFamily="Lato" Name="Lato Hairline" PostScriptName="Lato-Hairline" Status="Installed" FontStyleName="Hairline" FontType="TrueType" WritingScript="0" FullName="Lato-Hairline" FullNameNative="Lato-Hairline" FontStyleNameNative="Hairline" PlatformName="$ID/" Version="Version 1.104; Western+Polish opensource" TypekitID="$ID/" />
		<Font Self="did0FontnLato Hairline Italic" FontFamily="Lato" Name="Lato Hairline Italic" PostScriptName="Lato-HairlineItalic" Status="Installed" FontStyleName="Hairline Italic" FontType="TrueType" WritingScript="0" FullName="Lato-HairlineItalic" FullNameNative="Lato-HairlineItalic" FontStyleNameNative="Hairline Italic" PlatformName="$ID/" Version="Version 1.104; Western+Polish opensource" TypekitID="$ID/" />
		<Font Self="did0FontnLato Light" FontFamily="Lato" Name="Lato Light" PostScriptName="Lato-Light" Status="Installed" FontStyleName="Light" FontType="TrueType" WritingScript="0" FullName="Lato-Light" FullNameNative="Lato-Light" FontStyleNameNative="Light" PlatformName="$ID/" Version="Version 1.104; Western+Polish opensource" TypekitID="$ID/" />
		<Font Self="did0FontnLato Light Italic" FontFamily="Lato" Name="Lato Light Italic" PostScriptName="Lato-LightItalic" Status="Installed" FontStyleName="Light Italic" FontType="TrueType" WritingScript="0" FullName="Lato-LightItalic" FullNameNative="Lato-LightItalic" FontStyleNameNative="Light Italic" PlatformName="$ID/" Version="Version 1.104; Western+Polish opensource" TypekitID="$ID/" />
		<Font Self="did0FontnLato Black" FontFamily="Lato" Name="Lato Black" PostScriptName="Lato-Black" Status="Installed" FontStyleName="Black" FontType="OpenTypeTT" WritingScript="0" FullName="Lato Black" FullNameNative="Lato Black" FontStyleNameNative="Black" PlatformName="$ID/" Version="Version 1.104; Western+Polish opensource" TypekitID="$ID/" />
		<Font Self="did0FontnLato Black Italic" FontFamily="Lato" Name="Lato Black Italic" PostScriptName="Lato-BlackItalic" Status="Installed" FontStyleName="Black Italic" FontType="OpenTypeTT" WritingScript="0" FullName="Lato Black Italic" FullNameNative="Lato Black Italic" FontStyleNameNative="Black Italic" PlatformName="$ID/" Version="Version 1.104; Western+Polish opensource" TypekitID="$ID/" />
	</FontFamily>
	<FontFamily Self="di1e08" Name="Lato">
		<Font Self="di1e08FontnLato Hairline Italic" FontFamily="Lato" Name="Lato Hairline Italic" PostScriptName="Lato-HairlineItalic" Status="Installed" FontStyleName="Hairline Italic" FontType="TrueType" WritingScript="0" FullName="Lato-HairlineItalic" FullNameNative="Lato-HairlineItalic" FontStyleNameNative="Hairline Italic" PlatformName="$ID/" Version="Version 1.104; Western+Polish opensource" TypekitID="$ID/" />
		<Font Self="di1e08FontnLato Light" FontFamily="Lato" Name="Lato Light" PostScriptName="Lato-Light" Status="Installed" FontStyleName="Light" FontType="TrueType" WritingScript="0" FullName="Lato-Light" FullNameNative="Lato-Light" FontStyleNameNative="Light" PlatformName="$ID/" Version="Version 1.104; Western+Polish opensource" TypekitID="$ID/" />
		<Font Self="di1e08FontnLato Light Italic" FontFamily="Lato" Name="Lato Light Italic" PostScriptName="Lato-LightItalic" Status="Installed" FontStyleName="Light Italic" FontType="TrueType" WritingScript="0" FullName="Lato-LightItalic" FullNameNative="Lato-LightItalic" FontStyleNameNative="Light Italic" PlatformName="$ID/" Version="Version 1.104; Western+Polish opensource" TypekitID="$ID/" />
		<Font Self="di1e08FontnLato Regular" FontFamily="Lato" Name="Lato Regular" PostScriptName="Lato-Regular" Status="Installed" FontStyleName="Regular" FontType="OpenTypeTT" WritingScript="0" FullName="Lato Regular" FullNameNative="Lato Regular" FontStyleNameNative="Regular" PlatformName="$ID/" Version="Version 1.104; Western+Polish opensource" TypekitID="$ID/" />
		<Font Self="di1e08FontnLato Italic" FontFamily="Lato" Name="Lato Italic" PostScriptName="Lato-Italic" Status="Installed" FontStyleName="Italic" FontType="OpenTypeTT" WritingScript="0" FullName="Lato Italic" FullNameNative="Lato Italic" FontStyleNameNative="Italic" PlatformName="$ID/" Version="Version 1.104; Western+Polish opensource" TypekitID="$ID/" />
		<Font Self="di1e08FontnLato Bold" FontFamily="Lato" Name="Lato Bold" PostScriptName="Lato-Bold" Status="Installed" FontStyleName="Bold" FontType="OpenTypeTT" WritingScript="0" FullName="Lato Bold" FullNameNative="Lato Bold" FontStyleNameNative="Bold" PlatformName="$ID/" Version="Version 1.104; Western+Polish opensource" TypekitID="$ID/" />
		<Font Self="di1e08FontnLato Bold Italic" FontFamily="Lato" Name="Lato Bold Italic" PostScriptName="Lato-BoldItalic" Status="Installed" FontStyleName="Bold Italic" FontType="OpenTypeTT" WritingScript="0" FullName="Lato Bold Italic" FullNameNative="Lato Bold Italic" FontStyleNameNative="Bold Italic" PlatformName="$ID/" Version="Version 1.104; Western+Polish opensource" TypekitID="$ID/" />
		<Font Self="di1e08FontnLato Black" FontFamily="Lato" Name="Lato Black" PostScriptName="Lato-Black" Status="Installed" FontStyleName="Black" FontType="OpenTypeTT" WritingScript="0" FullName="Lato Black" FullNameNative="Lato Black" FontStyleNameNative="Black" PlatformName="$ID/" Version="Version 1.104; Western+Polish opensource" TypekitID="$ID/" />
		<Font Self="di1e08FontnLato Black Italic" FontFamily="Lato" Name="Lato Black Italic" PostScriptName="Lato-BlackItalic" Status="Installed" FontStyleName="Black Italic" FontType="OpenTypeTT" WritingScript="0" FullName="Lato Black Italic" FullNameNative="Lato Black Italic" FontStyleNameNative="Black Italic" PlatformName="$ID/" Version="Version 1.104; Western+Polish opensource" TypekitID="$ID/" />
	</FontFamily>
	<CompositeFont Self="CompositeFont/$ID/[No composite font]" Name="$ID/[No composite font]">
		<CompositeFontEntry Self="u8a" Name="$ID/Kanji" FontStyle="$ID/R" RelativeSize="100" HorizontalScale="100" VerticalScale="100" Locked="true" ScaleOption="true" BaselineShift="0">
			<Properties>
				<AppliedFont type="string">Kozuka Mincho Pr6N</AppliedFont>
			</Properties>
		</CompositeFontEntry>
		<CompositeFontEntry Self="u8c" Name="$ID/Kana" FontStyle="$ID/R" RelativeSize="100" HorizontalScale="100" VerticalScale="100" CustomCharacters="ぁあぃいぅうぇえぉおかがきぎくぐけげこごさざしじすずせぜそぞただちぢっつづてでとどなにぬねのはばぱひびぴふぶぷへべぺほぼぽまみむめもゃやゅゆょよらりるれろゎわゐゑをんゔゕゖゝゞァアィイゥウェエォオカガキギクグケゲコゴサザシジスズセゼソゾタダチヂッツヅテデトドナニヌネノハバパヒビピフブプヘベペホボポマミムメモャヤュユョヨラリルレロヮワヰヱヲンヴヵヶヷヸヹヺーヽヾ" Locked="true" ScaleOption="true" BaselineShift="0">
			<Properties>
				<AppliedFont type="string">Kozuka Mincho Pr6N</AppliedFont>
			</Properties>
		</CompositeFontEntry>
		<CompositeFontEntry Self="u8d" Name="$ID/Punctuation" FontStyle="$ID/R" RelativeSize="100" HorizontalScale="100" VerticalScale="100" CustomCharacters="—―‖‘’“”‥…′″∥、。〈〉《》「」『』【】〔〕〜・！（），．／：；？［］｛｝～" Locked="true" ScaleOption="true" BaselineShift="0">
			<Properties>
				<AppliedFont type="string">Kozuka Mincho Pr6N</AppliedFont>
			</Properties>
		</CompositeFontEntry>
		<CompositeFontEntry Self="u8e" Name="$ID/Symbols" FontStyle="$ID/R" RelativeSize="100" HorizontalScale="100" VerticalScale="100" CustomCharacters="¢£§¨¬°±´¶×÷ΑΒΓΔΕΖΗΘΙΚΛΜΝΞΟΠΡΣΤΥΦΧΨΩαβγδεζηθικλμνξοπρστυφχψωЁАБВГДЕЖЗИЙКЛМНОПРСТУФХЦЧШЩЪЫЬЭЮЯабвгдежзийклмнопрстуфхцчшщъыьэюяё‐†‡‰※℃Å←↑→↓⇒⇔∀∂∃∇∈∋−√∝∞∠∧∨∩∪∫∬∴∵∽≒≠≡≦≧≪≫⊂⊃⊆⊇⊥⌒■□▲△▼▽◆◇○◎●◯★☆♀♂♪♭♯〃〆〇〒〓゛゜＃＄％＆＊＋－０１２３４５６７８９＜＝＞＠ＡＢＣＤＥＦＧＨＩＪＫＬＭＮＯＰＱＲＳＴＵＶＷＸＹＺ＼＾＿｀ａｂｃｄｅｆｇｈｉｊｋｌｍｎｏｐｑｒｓｔｕｖｗｘｙｚ｜￠￡￢￣￥" Locked="true" ScaleOption="true" BaselineShift="0">
			<Properties>
				<AppliedFont type="string">Kozuka Mincho Pr6N</AppliedFont>
			</Properties>
		</CompositeFontEntry>
		<CompositeFontEntry Self="u8f" Name="$ID/Alphabetic" FontStyle="$ID/Regular" RelativeSize="100" HorizontalScale="100" VerticalScale="100" CustomCharacters=" !&quot;#$%&amp;&apos;()*+,-./:;&lt;=&gt;?@ABCDEFGHIJKLMNOPQRSTUVWXYZ[\]^_`abcdefghijklmnopqrstuvwxyz{|}~ ¡¤¥¦©ª«­®¯²³µ·¸¹º»¼½¾¿ÀÁÂÃÄÅÆÇÈÉÊËÌÍÎÏÐÑÒÓÔÕÖØÙÚÛÜÝÞßàáâãäåæçèéêëìíîïðñòóôõöøùúûüýþÿıŒœŠšŸŽžƒˆˇ˘˙˚˛˜˝–‚„•‹›⁄€™∆∏∑≈≤≥◊ﬀﬁﬂﬃﬄﬅﬆ" Locked="true" ScaleOption="false" BaselineShift="0">
			<Properties>
				<AppliedFont type="string">Minion Pro</AppliedFont>
			</Properties>
		</CompositeFontEntry>
		<CompositeFontEntry Self="u90" Name="$ID/Numbers" FontStyle="$ID/Regular" RelativeSize="100" HorizontalScale="100" VerticalScale="100" CustomCharacters="0123456789" Locked="true" ScaleOption="false" BaselineShift="0">
			<Properties>
				<AppliedFont type="string">Minion Pro</AppliedFont>
			</Properties>
		</CompositeFontEntry>
	</CompositeFont>
</idPkg:Fonts>