<?xml version="1.0" encoding="UTF-8" standalone="yes"?>
<idPkg:Story xmlns:idPkg="http://ns.adobe.com/AdobeInDesign/idml/1.0/packaging" DOMVersion="16.1">
	<Story Self="u3a94" UserText="true" IsEndnoteStory="false" AppliedTOCStyle="n" TrackChanges="false" StoryTitle="$ID/" AppliedNamedGrid="n">
		<StoryPreference OpticalMarginAlignment="false" OpticalMarginSize="12" FrameType="TextFrameType" StoryOrientation="Horizontal" StoryDirection="LeftToRightDirection" />
		<InCopyExportOption IncludeGraphicProxies="true" IncludeAllResources="false" />
		<ParagraphStyleRange AppliedParagraphStyle="ParagraphStyle/First level">
			<CharacterStyleRange AppliedCharacterStyle="CharacterStyle/$ID/[No character style]">
				<Content>What you’ll learn</Content>
				<Br />
				<Br />
			</CharacterStyleRange>
		</ParagraphStyleRange>
		<ParagraphStyleRange AppliedParagraphStyle="ParagraphStyle/LIBER-Text-Plain">
			<CharacterStyleRange AppliedCharacterStyle="CharacterStyle/Bold">
				<Content>1. <?ACE 7?>Con Etrectumus,</Content>
			</CharacterStyleRange>
			<CharacterStyleRange AppliedCharacterStyle="CharacterStyle/$ID/[No character style]">
				<Content> et L. Erfinintis conderime atque et peris. Satis maiorbi terorem P. Iferfere conihilice tam nonem in perunum patus ortum publinatus lostem re corei suli, et L. Erfinintis conderime atque et peris. Satis maiorbi terorem P. Iferfere conihilice tam nonem in perunum at que et peris. patus ortum publinatus lostem re corei suli</Content>
				<Br />
				<Br />
			</CharacterStyleRange>
			<CharacterStyleRange AppliedCharacterStyle="CharacterStyle/Bold">
				<Content>2. <?ACE 7?>Contesime aperum </Content>
			</CharacterStyleRange>
			<CharacterStyleRange AppliedCharacterStyle="CharacterStyle/$ID/[No character style]">
				<Content>it diursulto ex medem tem stimus in igna, vit, contia nonsumus bonverbissil ublicitra? Quite recondam vessicie el averio cestius sertern ihilius cerenirtam dium unti ficende revilis, efactum int.</Content>
			</CharacterStyleRange>
			<CharacterStyleRange AppliedCharacterStyle="CharacterStyle/Bold">
				<Content> </Content>
			</CharacterStyleRange>
			<CharacterStyleRange AppliedCharacterStyle="CharacterStyle/$ID/[No character style]">
				<Content>it diursulto ex medem tem stimus in igna, vit, contia non sumus bonverbissil ublicitra? Quite recondam vessicie averio cestius sertern ihilius cerenirtam dium unti ficende revilis, atque et peris atque et peris  efactum int.s in igna, vit, contia nonsumus.</Content>
				<Br />
				<Br />
			</CharacterStyleRange>
			<CharacterStyleRange AppliedCharacterStyle="CharacterStyle/Bold">
				<Content>3. <?ACE 7?>Con Etrectumus,</Content>
			</CharacterStyleRange>
			<CharacterStyleRange AppliedCharacterStyle="CharacterStyle/$ID/[No character style]">
				<Content> et L. Erfinintis conderime atque et peris. Satis maiorbi terorem P. Iferfere conihilice tam nonemet L. Erfinintis conde ime atque et peris. Satis maiorbi terorem P. Iferfere conihilice tam nonem in perunum patus ortum publinatus lostem re corei suli,  vessicie averio ce tius sertern ihilius cerenirtam dium unti ficende revilis, efactum int.</Content>
			</CharacterStyleRange>
			<CharacterStyleRange AppliedCharacterStyle="CharacterStyle/Bold">
				<Content> </Content>
			</CharacterStyleRange>
			<CharacterStyleRange AppliedCharacterStyle="CharacterStyle/$ID/[No character style]">
				<Content>it diursulto ex medem tem stimus in igna, vit, contia nonsumus bonverbissil ublicitra? Quite recondam</Content>
				<Br />
				<Br />
			</CharacterStyleRange>
			<CharacterStyleRange AppliedCharacterStyle="CharacterStyle/Bold">
				<Content>4. <?ACE 7?>In perunum patus </Content>
			</CharacterStyleRange>
			<CharacterStyleRange AppliedCharacterStyle="CharacterStyle/$ID/[No character style]">
				<Content>ortum publinatuset L. Erfinintis conderime atque et peris. Satis maiorbi terorem P. Iferfere conihilice tam nonem in peru num patus ortum publinatus loste vessicie averio cestius sertern ihilius cerenirtam dium unti ficende revi sti bonverbissil ublicitra? Quite recondam vessicie avvessicie averio cestius sertern ihiliu igna, vit, contia recondam vessicie avert.</Content>
			</CharacterStyleRange>
		</ParagraphStyleRange>
	</Story>
</idPkg:Story>
