<?xml version="1.0" encoding="UTF-8" standalone="yes"?>
<idPkg:Story xmlns:idPkg="http://ns.adobe.com/AdobeInDesign/idml/1.0/packaging" DOMVersion="16.1">
	<Story Self="u38a4" UserText="true" IsEndnoteStory="false" AppliedTOCStyle="n" TrackChanges="false" StoryTitle="$ID/" AppliedNamedGrid="n">
		<StoryPreference OpticalMarginAlignment="false" OpticalMarginSize="12" FrameType="TextFrameType" StoryOrientation="Horizontal" StoryDirection="LeftToRightDirection" />
		<InCopyExportOption IncludeGraphicProxies="true" IncludeAllResources="false" />
		<ParagraphStyleRange AppliedParagraphStyle="ParagraphStyle/$ID/[No paragraph style]" Hyphenation="false" Justification="CenterAlign" TreatIdeographicSpaceAsSpace="false">
			<CharacterStyleRange AppliedCharacterStyle="CharacterStyle/HYPERLINK YELLOW" FontStyle="Regular" PointSize="4" Underline="false" UnderlineOffset="-9999" UnderlineWeight="-9999" DiacriticPosition="OpentypePosition">
				<Properties>
					<Leading type="unit">5</Leading>
					<AppliedFont type="string">Lato</AppliedFont>
					<UnderlineColor type="string">Text Color</UnderlineColor>
					<UnderlineType type="object">StrokeStyle/$ID/Solid</UnderlineType>
				</Properties>
				<Content>insert </Content>
				<Br />
				<Content>relevant </Content>
				<Br />
				<Content>icon</Content>
				<Br />
				<Content>noun </Content>
				<Br />
				<Content>project</Content>
			</CharacterStyleRange>
		</ParagraphStyleRange>
	</Story>
</idPkg:Story>
