<?xml version="1.0" encoding="UTF-8" standalone="yes"?>
<idPkg:Story xmlns:idPkg="http://ns.adobe.com/AdobeInDesign/idml/1.0/packaging" DOMVersion="16.1">
	<Story Self="u38e" UserText="true" IsEndnoteStory="false" AppliedTOCStyle="n" TrackChanges="false" StoryTitle="$ID/" AppliedNamedGrid="n">
		<StoryPreference OpticalMarginAlignment="false" OpticalMarginSize="12" FrameType="TextFrameType" StoryOrientation="Horizontal" StoryDirection="LeftToRightDirection" />
		<InCopyExportOption IncludeGraphicProxies="true" IncludeAllResources="false" />
		<ParagraphStyleRange AppliedParagraphStyle="ParagraphStyle/First level">
			<CharacterStyleRange AppliedCharacterStyle="CharacterStyle/$ID/[No character style]">
				<Content>Title</Content>
				<Br />
			</CharacterStyleRange>
		</ParagraphStyleRange>
		<ParagraphStyleRange AppliedParagraphStyle="ParagraphStyle/LIBER-Text-Plain">
			<CharacterStyleRange AppliedCharacterStyle="CharacterStyle/$ID/[No character style]">
				<Content>DespiteOs nonsequatam, siminvero omnienietur ariae idempor ratur rem acculliquia quiant laborib uscidelenis ipitatur, ut abore reris dolorer ferfero de vendit officius molesequibus estibust, si amus vellatur, velliqui iur aspeligenis magnisime et aut pos doluptae volupis rem quidit odi qui cusant laut odipsunt adipsam sum vene prest vollaborem re, saeri temporaepe aute et ipsa atae et essum id quunt, nusda sed ullorpos veriaspe porporit volut aut autetus.</Content>
				<Br />
				<Br />
			</CharacterStyleRange>
		</ParagraphStyleRange>
		<ParagraphStyleRange AppliedParagraphStyle="ParagraphStyle/Second level">
			<CharacterStyleRange AppliedCharacterStyle="CharacterStyle/$ID/[No character style]">
				<Content>Subtitle</Content>
				<Br />
			</CharacterStyleRange>
		</ParagraphStyleRange>
		<ParagraphStyleRange AppliedParagraphStyle="ParagraphStyle/LIBER-Text-Plain">
			<CharacterStyleRange AppliedCharacterStyle="CharacterStyle/$ID/[No character style]">
				<Content>DespiteOs nonsequatam, siminvero omnienietur ariae idempor ratur rem acculliquia quiant laborib uscidelenis ipitatur, ut abore reris dolorer ferfero de vendit officius molesequibus estibust, si amus vellatur, velliqui iur aspeligenis magnisime et aut pos doluptae volupis rem quidit odi qui cusant laut odipsunt adipsam sum vene prest vollaborem re, saeri temporaepe aute et ipsa atae et essum id quunt, nusda sed ullorpos veriaspe porporit volut aut autetus.</Content>
				<Br />
				<Br />
			</CharacterStyleRange>
		</ParagraphStyleRange>
		<ParagraphStyleRange AppliedParagraphStyle="ParagraphStyle/Second level">
			<CharacterStyleRange AppliedCharacterStyle="CharacterStyle/$ID/[No character style]">
				<Content>Subtitle </Content>
				<Br />
			</CharacterStyleRange>
		</ParagraphStyleRange>
		<ParagraphStyleRange AppliedParagraphStyle="ParagraphStyle/LIBER-Text-Plain">
			<CharacterStyleRange AppliedCharacterStyle="CharacterStyle/$ID/[No character style]">
				<Content>Aribus essimpo rehenis mi, ut exceates sum eos abo. Ut exerspe porem hil molorisci dolecti busciam quid molum fugita consequod quid quae voluptae comnias velibus andebis rem hitate porit alit enimaxim explitam quist dolo quia cus, solo cus renis debis dia volorro viduciet pre vendae. Nime moloritis senis repernam dolut doluptia qui sum dite enihili busdae evenimo lorioribus am id quunto consequis dolorias mos enis net eatem deresserum re consequi tet pa cus et qui qui conse in nis a quam exerupi tenimus estis illam num faccus raerferspiet que exceate mquoditate pratur, solorib usciandit qui dolorit pa autem doluptae mossita tincide ndistio imet quas solessequis netur sant voluptat eum exersped eiur?</Content>
				<Br />
				<Br />
			</CharacterStyleRange>
		</ParagraphStyleRange>
		<ParagraphStyleRange AppliedParagraphStyle="ParagraphStyle/Second level">
			<CharacterStyleRange AppliedCharacterStyle="CharacterStyle/$ID/[No character style]">
				<Content>Subtitle</Content>
				<Br />
			</CharacterStyleRange>
		</ParagraphStyleRange>
		<ParagraphStyleRange AppliedParagraphStyle="ParagraphStyle/LIBER-Text-Plain">
			<CharacterStyleRange AppliedCharacterStyle="CharacterStyle/$ID/[No character style]">
				<Content>Pore sint venesti busapelitius etur, con con res dit fugiam, quodit dolenda voloreptae num quam vendis nati coris ipsa quo tenist landucium aut laboreperum lab idus, odit explacepro magnis exceaque corpore sequis enis dolorum, teseque sit hictaturest, officillo de omnieni squibus vendicius et et rem eliquis pe id eniam unt autenempe odipsum laut omnis eatem qui dolupta ium ipsant.</Content>
				<Br />
				<Br />
			</CharacterStyleRange>
		</ParagraphStyleRange>
		<ParagraphStyleRange AppliedParagraphStyle="ParagraphStyle/Second level" Justification="LeftAlign">
			<CharacterStyleRange AppliedCharacterStyle="CharacterStyle/$ID/[No character style]">
				<Content>Subtitle</Content>
				<Br />
			</CharacterStyleRange>
		</ParagraphStyleRange>
		<ParagraphStyleRange AppliedParagraphStyle="ParagraphStyle/LIBER-Text-Plain">
			<CharacterStyleRange AppliedCharacterStyle="CharacterStyle/$ID/[No character style]">
				<Content>Emporio reniet voluptas autest, qui omni tem ea dolore et fugit earum con pellist, cum quam que natisquis vende sapiet laceris cillaborem atis in conetDam ingulessa in Itam obse neque qua contiliciem esullaturnum ius, que inc ta adella dint. Bitea vid demus. Ehebatam trum. Tior pl. Mari perferenit? que cae quame vium idelabentiam in tude tatia? inertui traedee ssoltore, quam apes terfendam tessimmo ego condiuro, nostrum hos omaiorsusci interenis omnemur oporum fur los inem es factem hos crenius furem. Vivil vite,It, quium, vid con videmus ia esit. Serorud eatuides? </Content>
			</CharacterStyleRange>
		</ParagraphStyleRange>
	</Story>
</idPkg:Story>
