<?xml version="1.0" encoding="UTF-8" standalone="yes"?>
<idPkg:Story xmlns:idPkg="http://ns.adobe.com/AdobeInDesign/idml/1.0/packaging" DOMVersion="16.1">
	<Story Self="u3cef" UserText="true" IsEndnoteStory="false" AppliedTOCStyle="n" TrackChanges="false" StoryTitle="$ID/" AppliedNamedGrid="n">
		<StoryPreference OpticalMarginAlignment="false" OpticalMarginSize="12" FrameType="TextFrameType" StoryOrientation="Horizontal" StoryDirection="LeftToRightDirection" />
		<InCopyExportOption IncludeGraphicProxies="true" IncludeAllResources="false" />
		<ParagraphStyleRange AppliedParagraphStyle="ParagraphStyle/LIBER-Text-Plain">
			<CharacterStyleRange AppliedCharacterStyle="CharacterStyle/$ID/[No character style]" FillColor="Color/LIBER CMYK Light Blue" PointSize="11" StrokeWeight="0" StrokeAlignment="CenterAlignment">
				<Content>1. Title </Content>
				<Br />
			</CharacterStyleRange>
			<CharacterStyleRange AppliedCharacterStyle="CharacterStyle/$ID/[No character style]">
				<Content>Morbi ac enim et mauris rutrum facilisis. Vestibulum ante ipsum primis in faucibus orci luctus et ultrices posuere cubilia curae; Cras et venenatis arcu. Vestibulum blandit erat erat, vitae egestas tortor posuere laoreet. Nulla id augue vestibulum libero placerat fringilla at vel metus. Donec commodo finibus urna, vitae eleifend tellus mattis sed. Etiam justo dui, mattis eget ligula eget, sodales porta purus. Etiam placerat tincidunt rhoncus. </Content>
			</CharacterStyleRange>
			<CharacterStyleRange AppliedCharacterStyle="CharacterStyle/HYPERLINK light blue">
				<Content>Sed porta hendrerit arcu in fringilla.</Content>
				<Br />
			</CharacterStyleRange>
			<CharacterStyleRange AppliedCharacterStyle="CharacterStyle/$ID/[No character style]">
				<Br />
			</CharacterStyleRange>
		</ParagraphStyleRange>
		<ParagraphStyleRange AppliedParagraphStyle="ParagraphStyle/Second level">
			<CharacterStyleRange AppliedCharacterStyle="CharacterStyle/$ID/[No character style]">
				<Content>2. Title </Content>
				<Br />
			</CharacterStyleRange>
		</ParagraphStyleRange>
		<ParagraphStyleRange AppliedParagraphStyle="ParagraphStyle/LIBER-Text-Plain">
			<CharacterStyleRange AppliedCharacterStyle="CharacterStyle/$ID/[No character style]">
				<Content>Sed auctor eros ut dui condimentum convallis sed ac tortor. Vestibulum iaculis sit amet odio ultrices laoreet. Sed auctor dignissim feugiat. Ut euismod maximus nunc, et suscipit lorem hendrerit et. Interdum et malesuada fames ac ante ipsum primis in faucibus. Maecenas condimentum velit ut elit elementum, porttitor dictum sem dignissim. In consectetur nisi a turpis lobortis dignissim quis quis elitt et. Interdum et malesuada fames ac ante </Content>
			</CharacterStyleRange>
			<CharacterStyleRange AppliedCharacterStyle="CharacterStyle/HYPERLINK light blue">
				<Content>Praesent lobortis.</Content>
				<Br />
			</CharacterStyleRange>
		</ParagraphStyleRange>
		<ParagraphStyleRange AppliedParagraphStyle="ParagraphStyle/Second level" Justification="LeftAlign">
			<CharacterStyleRange AppliedCharacterStyle="CharacterStyle/$ID/[No character style]">
				<Br />
			</CharacterStyleRange>
		</ParagraphStyleRange>
		<ParagraphStyleRange AppliedParagraphStyle="ParagraphStyle/Second level">
			<CharacterStyleRange AppliedCharacterStyle="CharacterStyle/$ID/[No character style]">
				<Content>3. Title </Content>
				<Br />
			</CharacterStyleRange>
		</ParagraphStyleRange>
		<ParagraphStyleRange AppliedParagraphStyle="ParagraphStyle/LIBER-Text-Plain">
			<CharacterStyleRange AppliedCharacterStyle="CharacterStyle/$ID/[No character style]">
				<Content>Morbi ac enim et mauris rutrum facilisis. Vestibulum ante ipsum primis in faucibus orci luctus et ultrices posuere cubilia curae; Cras et venenatis arcu. Vestibulum blandit erat erat, vitae egestas tortor posuere laoreet. Nulla id it erat erat, vitaugue vestibulum libero placerat fringilla at vel metus. Donec commodo finibus urna, vitae eleifend tellus mattis sed. Etiam justo dui, mattis eget ligula eget, sodales porta purus. Etiam placerat tincidunt rhoncus. </Content>
			</CharacterStyleRange>
			<CharacterStyleRange AppliedCharacterStyle="CharacterStyle/HYPERLINK light blue">
				<Content>Sed porta hendrerit arcu in fringilla.</Content>
				<Br />
			</CharacterStyleRange>
			<CharacterStyleRange AppliedCharacterStyle="CharacterStyle/$ID/[No character style]">
				<Br />
			</CharacterStyleRange>
		</ParagraphStyleRange>
		<ParagraphStyleRange AppliedParagraphStyle="ParagraphStyle/Second level">
			<CharacterStyleRange AppliedCharacterStyle="CharacterStyle/$ID/[No character style]">
				<Content>4. Title </Content>
				<Br />
			</CharacterStyleRange>
		</ParagraphStyleRange>
		<ParagraphStyleRange AppliedParagraphStyle="ParagraphStyle/LIBER-Text-Plain">
			<CharacterStyleRange AppliedCharacterStyle="CharacterStyle/$ID/[No character style]">
				<Content>Sed auctor eros ut dui condimentum convallis sed ac tortor. Vestibulum iaculis sit amet odio ultrices laoreet. Sed auctor dignissim feugiat. Ut euismod maximus nunc, et suscipit lorem hendrerit et. Interdum et malesuada fames ac ante ipsum primis in faucibus. Maecenas condimentum velit ut elit elementum, porttitor dictum sem dignissim. In consectetur nisi a turpis lobortis dignissim quis quis elit. </Content>
			</CharacterStyleRange>
			<CharacterStyleRange AppliedCharacterStyle="CharacterStyle/HYPERLINK light blue">
				<Content>Praesent lobortis</Content>
			</CharacterStyleRange>
			<CharacterStyleRange AppliedCharacterStyle="CharacterStyle/$ID/[No character style]">
				<Content>.</Content>
				<Br />
				<Br />
			</CharacterStyleRange>
		</ParagraphStyleRange>
		<ParagraphStyleRange AppliedParagraphStyle="ParagraphStyle/Second level">
			<CharacterStyleRange AppliedCharacterStyle="CharacterStyle/$ID/[No character style]">
				<Content>5. Title </Content>
				<Br />
			</CharacterStyleRange>
		</ParagraphStyleRange>
		<ParagraphStyleRange AppliedParagraphStyle="ParagraphStyle/LIBER-Text-Plain">
			<CharacterStyleRange AppliedCharacterStyle="CharacterStyle/$ID/[No character style]">
				<Content>Morbi ac enim et mauris rutrum facilisis. Vestibulum ante ipsum primis in faucibus orci luctus et ultrices posuere cubilia curae; Cras et venenatis arcu. Vestibulum blandit erat erat, vitae egestas tortorit erat erat, vitit erat erat, vitit erat erat, vitit erat erat, vitit erat erat, vitit erat erat, vitit erat erat, vit posuere laoreet. Nulla id augue vestibulum libero placerat fringilla at vel metus. Donec commodo finibus urna, vitae eleifend tellus mattis sed. Etiam justo dui, mattis eget ligula eget, sodales porta purus. Etiam placerat tincidunt rhoncus. </Content>
			</CharacterStyleRange>
			<CharacterStyleRange AppliedCharacterStyle="CharacterStyle/HYPERLINK light blue">
				<Content>Sed porta hendrerit arcu in fringilla.</Content>
			</CharacterStyleRange>
		</ParagraphStyleRange>
	</Story>
</idPkg:Story>
