<?xml version="1.0" encoding="UTF-8" standalone="yes"?>
<idPkg:Story xmlns:idPkg="http://ns.adobe.com/AdobeInDesign/idml/1.0/packaging" DOMVersion="16.1">
	<Story Self="u1e4b" UserText="true" IsEndnoteStory="false" AppliedTOCStyle="n" TrackChanges="false" StoryTitle="$ID/" AppliedNamedGrid="n">
		<StoryPreference OpticalMarginAlignment="false" OpticalMarginSize="12" FrameType="TextFrameType" StoryOrientation="Horizontal" StoryDirection="LeftToRightDirection" />
		<InCopyExportOption IncludeGraphicProxies="true" IncludeAllResources="false" />
		<ParagraphStyleRange AppliedParagraphStyle="ParagraphStyle/$ID/[No paragraph style]" GridAlignment="AlignBaseline" TreatIdeographicSpaceAsSpace="false">
			<CharacterStyleRange AppliedCharacterStyle="CharacterStyle/HYPERLINK YELLOW" FontStyle="Regular" PointSize="9" Underline="false" UnderlineOffset="-9999" UnderlineWeight="-9999" DiacriticPosition="OpentypePosition">
				<Properties>
					<AppliedFont type="string">Lato</AppliedFont>
					<UnderlineColor type="string">Text Color</UnderlineColor>
					<UnderlineType type="object">StrokeStyle/$ID/Solid</UnderlineType>
				</Properties>
				<Br />
			</CharacterStyleRange>
			<CharacterStyleRange AppliedCharacterStyle="CharacterStyle/HYPERLINK YELLOW" DiacriticPosition="OpentypePosition">
				<Properties>
					<AppliedFont type="string">Lato</AppliedFont>
				</Properties>
				<Content>GitHub</Content>
			</CharacterStyleRange>
			<CharacterStyleRange AppliedCharacterStyle="CharacterStyle/HYPERLINK YELLOW" FontStyle="Regular" PointSize="9" Underline="false" UnderlineOffset="-9999" UnderlineWeight="-9999" DiacriticPosition="OpentypePosition">
				<Properties>
					<AppliedFont type="string">Lato</AppliedFont>
					<UnderlineColor type="string">Text Color</UnderlineColor>
					<UnderlineType type="object">StrokeStyle/$ID/Solid</UnderlineType>
				</Properties>
				<Content> </Content>
				<Br />
			</CharacterStyleRange>
			<CharacterStyleRange AppliedCharacterStyle="CharacterStyle/HYPERLINK YELLOW" DiacriticPosition="OpentypePosition">
				<Properties>
					<AppliedFont type="string">Lato</AppliedFont>
				</Properties>
				<HyperlinkTextSource Self="u3c62" Name="Hyperlink 1" Hidden="false" AppliedCharacterStyle="n">
					<Content>LIBER Europe</Content>
				</HyperlinkTextSource>
			</CharacterStyleRange>
			<CharacterStyleRange AppliedCharacterStyle="CharacterStyle/HYPERLINK YELLOW" FontStyle="Regular" PointSize="9" Underline="false" UnderlineOffset="-9999" UnderlineWeight="-9999" DiacriticPosition="OpentypePosition">
				<Properties>
					<AppliedFont type="string">Lato</AppliedFont>
					<UnderlineColor type="string">Text Color</UnderlineColor>
					<UnderlineType type="object">StrokeStyle/$ID/Solid</UnderlineType>
				</Properties>
				<Br />
			</CharacterStyleRange>
		</ParagraphStyleRange>
	</Story>
</idPkg:Story>
