<?xml version="1.0" encoding="UTF-8" standalone="yes"?>
<idPkg:Story xmlns:idPkg="http://ns.adobe.com/AdobeInDesign/idml/1.0/packaging" DOMVersion="16.1">
	<Story Self="u1e8c" UserText="true" IsEndnoteStory="false" AppliedTOCStyle="n" TrackChanges="false" StoryTitle="$ID/" AppliedNamedGrid="n">
		<StoryPreference OpticalMarginAlignment="false" OpticalMarginSize="12" FrameType="TextFrameType" StoryOrientation="Horizontal" StoryDirection="LeftToRightDirection" />
		<InCopyExportOption IncludeGraphicProxies="true" IncludeAllResources="false" />
		<ParagraphStyleRange AppliedParagraphStyle="ParagraphStyle/$ID/[No paragraph style]" GridAlignment="AlignBaseline" TreatIdeographicSpaceAsSpace="false">
			<CharacterStyleRange AppliedCharacterStyle="CharacterStyle/HYPERLINK YELLOW" FontStyle="Regular" PointSize="8" Underline="false" UnderlineOffset="-9999" UnderlineWeight="-9999" DiacriticPosition="OpentypePosition">
				<Properties>
					<AppliedFont type="string">Lato</AppliedFont>
					<UnderlineColor type="string">Text Color</UnderlineColor>
					<UnderlineType type="object">StrokeStyle/$ID/Solid</UnderlineType>
				</Properties>
				<Content>Copyright © 2021 the authors. </Content>
				<Br />
				<Content>Licensed under a Creative Commons Attribution</Content>
				<Br />
				<Content>ShareAlike 4.0 </Content>
				<Br />
			</CharacterStyleRange>
			<CharacterStyleRange AppliedCharacterStyle="CharacterStyle/HYPERLINK YELLOW" FontStyle="Italic" PointSize="8" Underline="false" UnderlineOffset="-9999" UnderlineWeight="-9999" DiacriticPosition="OpentypePosition">
				<Properties>
					<AppliedFont type="string">Lato</AppliedFont>
					<UnderlineColor type="string">Text Color</UnderlineColor>
					<UnderlineType type="object">StrokeStyle/$ID/Solid</UnderlineType>
				</Properties>
				<Content>International License unless otherwise stated.</Content>
			</CharacterStyleRange>
			<CharacterStyleRange AppliedCharacterStyle="CharacterStyle/HYPERLINK YELLOW" FontStyle="Regular" PointSize="9" Underline="false" UnderlineOffset="-9999" UnderlineWeight="-9999" DiacriticPosition="OpentypePosition">
				<Properties>
					<AppliedFont type="string">Lato</AppliedFont>
					<UnderlineColor type="string">Text Color</UnderlineColor>
					<UnderlineType type="object">StrokeStyle/$ID/Solid</UnderlineType>
				</Properties>
				<Br />
				<Br />
				<Content>(barcode of ISBN)</Content>
			</CharacterStyleRange>
		</ParagraphStyleRange>
	</Story>
</idPkg:Story>
