<?xml version="1.0" encoding="UTF-8" standalone="yes"?>
<idPkg:Story xmlns:idPkg="http://ns.adobe.com/AdobeInDesign/idml/1.0/packaging" DOMVersion="16.1">
	<Story Self="u287e" UserText="true" IsEndnoteStory="false" AppliedTOCStyle="n" TrackChanges="false" StoryTitle="$ID/" AppliedNamedGrid="n">
		<StoryPreference OpticalMarginAlignment="false" OpticalMarginSize="12" FrameType="TextFrameType" StoryOrientation="Horizontal" StoryDirection="LeftToRightDirection" />
		<InCopyExportOption IncludeGraphicProxies="true" IncludeAllResources="false" />
		<ParagraphStyleRange AppliedParagraphStyle="ParagraphStyle/Intro yellow double space">
			<CharacterStyleRange AppliedCharacterStyle="CharacterStyle/$ID/[No character style]">
				<Content>Lorem ipsum dolor sit amet, consectetur adipiscing elit. Nunc sit amet aliquam lacus. Vestibulum ante ipsum primis in faucibus orci luctus et ultrices posuere cubilia curae; Donec nunc ipsum, aliquet id odio ut, ultrices finibus augue. Etiam purus felis, ornare at neque sodales, </Content>
				<Br />
				<Content>Etiam purus felis, ornare at. </Content>
				<Br />
				<Br />
			</CharacterStyleRange>
			<CharacterStyleRange AppliedCharacterStyle="CharacterStyle/Regular text">
				<Content>400-600 words. Congue congue nisl. Maecenas quis tellus diam. Praesent posuere ante in dictum fringilla. In tristique non justo nec efficitur. Suspendisse neque tellus, pharetra sed porttitor et, elementum ac elit. Mauris rhoncus elementum imperdiet.</Content>
				<Br />
			</CharacterStyleRange>
		</ParagraphStyleRange>
		<ParagraphStyleRange AppliedParagraphStyle="ParagraphStyle/LIBER-Text-Plain">
			<CharacterStyleRange AppliedCharacterStyle="CharacterStyle/Regular text">
				<Br />
			</CharacterStyleRange>
		</ParagraphStyleRange>
		<ParagraphStyleRange AppliedParagraphStyle="ParagraphStyle/Second level">
			<CharacterStyleRange AppliedCharacterStyle="CharacterStyle/$ID/[No character style]">
				<Content>Nulla est lorem, consectetur </Content>
			</CharacterStyleRange>
			<CharacterStyleRange AppliedCharacterStyle="CharacterStyle/Regular text">
				<Br />
			</CharacterStyleRange>
		</ParagraphStyleRange>
		<ParagraphStyleRange AppliedParagraphStyle="ParagraphStyle/LIBER-Text-Plain">
			<CharacterStyleRange AppliedCharacterStyle="CharacterStyle/Regular text">
				<Content>eget dui at, cursus sollicitudin nisl. Quisque enim libero, lacinia et gravida a, sollicitudin ut enim. Etiam tempus tempor ipsum, eu tincidunt felis auctor nec. Duis aliquam nulla auctor erat faucibus eleifend. In non ipsum vitae neque bibendum luctus quis vitae purus. Aliquam dapibus, leo sit amet eleifend ullamcorper, justo ante tristique ante, a gravida felis lacus eget erat. Lorem ipsum dolor sit amet, consectetur adipiscing elit. Curabitur fermentum efficitur mauris, nec tincidunt velit rutrum a. Mauris id bibendum risus.</Content>
				<Br />
				<Br />
				<Content>Praesent vitae condimentum quam. Integer porttitor quis felis et faucibus. Aliquam velit arcu, convallis quis nibh ut, iaculis suscipit neque. Pellentesque bibendum ut nunc at eleifend. Nulla ornare ligula. Nam sem neque, tempor eget egestas ut, viverra.Eliam sum sim volorroreped quate maionet qui ducilluptium laborem raturi quam excest quiae. Itatendenis volest, od erumquatquam reperumque et, tessumqui nobissequam, consequidit labo. </Content>
				<Br />
				<Content>Dolupta tibus, sin nobis dolor se dolest ut moluptae nobisqu atatur sum voloruptae blandi ut et expla voluptusdae aut maximincipit a expliquae rerat endel mil el mosti offici consequidut essum volesectet quas dolorum experi voluptatis eos rest autem fugitam as as eos re namus di cumenisi dendit, odicuptas exerist rest, inias arumqui voloratur? </Content>
				<Br />
				<Br />
				<Content>Nem aut lacestrum quid eaquam et ut qui deles maio est reptiissum cum el iunt adit labori cus eum faccabo rehenis nemporum necus dolupit ipsuntiur solorum cusa si dolorum exero ventias et facea con nos enditibus e eos sunt.</Content>
				<Br />
				<Content>Mi, et paruntem. Itatur, quuntio ma comnimil estias cus volorunt.</Content>
				<Br />
				<Br />
			</CharacterStyleRange>
		</ParagraphStyleRange>
		<ParagraphStyleRange AppliedParagraphStyle="ParagraphStyle/LIBER-Text-Bullet">
			<CharacterStyleRange AppliedCharacterStyle="CharacterStyle/Bold">
				<Content>Ratur sim faceria</Content>
			</CharacterStyleRange>
			<CharacterStyleRange AppliedCharacterStyle="CharacterStyle/Regular text">
				<Content> dis coristis modi conectu rioratu reperer iandign ihilliqui aut fugia is videm. Volut estrum qui dit qui ut qui simet qui is es dolupta veliquia inist venis aut re mi, tem vellabo. Ehenihil eaque molessus.</Content>
				<Br />
			</CharacterStyleRange>
			<CharacterStyleRange AppliedCharacterStyle="CharacterStyle/Bold">
				<Content>Quam velisit iundipsam</Content>
			</CharacterStyleRange>
			<CharacterStyleRange AppliedCharacterStyle="CharacterStyle/Regular text">
				<Content> as minis et harchiciame volupta turiasi as in nos re restor si voluptatem quid ut porro duciam, sequibus, quis esectum et is nullenisi </Content>
				<Br />
			</CharacterStyleRange>
		</ParagraphStyleRange>
		<ParagraphStyleRange AppliedParagraphStyle="ParagraphStyle/LIBER-Text-Plain">
			<CharacterStyleRange AppliedCharacterStyle="CharacterStyle/Regular text">
				<Br />
			</CharacterStyleRange>
		</ParagraphStyleRange>
		<ParagraphStyleRange AppliedParagraphStyle="ParagraphStyle/LIBER-Text-Bullet">
			<CharacterStyleRange AppliedCharacterStyle="CharacterStyle/Bold">
				<Content>te re pelende lestist qui </Content>
			</CharacterStyleRange>
			<CharacterStyleRange AppliedCharacterStyle="CharacterStyle/Regular text">
				<Content>doloreheni dolecti istrumque volutenda que plibus minte nobis sequis quiam idebist ibusam laut utest as repero temposandia quasit quame alit parciatio blacerspel inctess inverfe rnamus ducit rehendaepel in pos sitiatem rae. Et et ut voluptatia is aut.</Content>
				<Br />
			</CharacterStyleRange>
		</ParagraphStyleRange>
		<ParagraphStyleRange AppliedParagraphStyle="ParagraphStyle/LIBER-Text-Plain">
			<CharacterStyleRange AppliedCharacterStyle="CharacterStyle/Regular text">
				<Br />
			</CharacterStyleRange>
		</ParagraphStyleRange>
		<ParagraphStyleRange AppliedParagraphStyle="ParagraphStyle/Third level">
			<CharacterStyleRange AppliedCharacterStyle="CharacterStyle/$ID/[No character style]">
				<Content>Occullabores doluptatur</Content>
			</CharacterStyleRange>
			<CharacterStyleRange AppliedCharacterStyle="CharacterStyle/Regular text">
				<Br />
				<Content> autempore ma sequi demperf eritati buscias asi ut dipsam, optatur? Ebistios sam earchilit ipid mi, culpa quas nimet fuga. Pe custis aborem fuga. </Content>
			</CharacterStyleRange>
		</ParagraphStyleRange>
	</Story>
</idPkg:Story>
