<?xml version="1.0" encoding="UTF-8" standalone="yes"?>
<idPkg:Story xmlns:idPkg="http://ns.adobe.com/AdobeInDesign/idml/1.0/packaging" DOMVersion="16.1">
	<Story Self="u237b" UserText="true" IsEndnoteStory="false" AppliedTOCStyle="n" TrackChanges="false" StoryTitle="$ID/" AppliedNamedGrid="n">
		<StoryPreference OpticalMarginAlignment="false" OpticalMarginSize="12" FrameType="TextFrameType" StoryOrientation="Horizontal" StoryDirection="LeftToRightDirection" />
		<InCopyExportOption IncludeGraphicProxies="true" IncludeAllResources="false" />
		<ParagraphStyleRange AppliedParagraphStyle="ParagraphStyle/Footnote">
			<CharacterStyleRange AppliedCharacterStyle="CharacterStyle/$ID/[No character style]">
				<Content>Use The Chicago Manual of Style 17th Edition style for references. All references should have an author or organization given first. </Content>
				<Br />
				<Content>Also please list a DOI for each reference if possible. Sample reference:</Content>
				<Br />
				<Content>Ayris, Paul, Isabel Bernal, Valentino Cavalli, Bertil Dorch, Jeannette Frey, Martin Hallik, Kristiina Hormia-Poutanen, et al. ‘LIBER Open Science Roadmap’. LIBER, 2 July 2018. https://doi.org/10.5281/zenodo.1303002.</Content>
			</CharacterStyleRange>
		</ParagraphStyleRange>
	</Story>
</idPkg:Story>
